18079035,2023-09-06T17:57:11.000Z,0xb6ca7399b4f9ca56fc27cbff44f4d2e4eef1fc81,0xa9d1e08c7793af67e9d92fe308d5697fb81d3e43,0xc5d4ec9300be6da89a3db305c415c7cd3cbb7e8e,228750379970000000000
18079035,2023-09-06T17:57:11.000Z,0xb6ca7399b4f9ca56fc27cbff44f4d2e4eef1fc81,0xc5d4ec9300be6da89a3db305c415c7cd3cbb7e8e,0xf5e4a4480f5e73cfe697384525d6f4a07617ac71,228750379970000000000
18080295,2023-09-06T22:11:35.000Z,0xb6ca7399b4f9ca56fc27cbff44f4d2e4eef1fc81,0xf5e4a4480f5e73cfe697384525d6f4a07617ac71,0x20d2c17d1928ef4290bf17f922a10eaa2770bf43,55524553316189372276
18081197,2023-09-07T01:13:11.000Z,0xb6ca7399b4f9ca56fc27cbff44f4d2e4eef1fc81,0xa9d1e08c7793af67e9d92fe308d5697fb81d3e43,0x81153f0889ab398c4acb42cb58b565a5392bba95,135143881370000000000
18081197,2023-09-07T01:13:11.000Z,0xb6ca7399b4f9ca56fc27cbff44f4d2e4eef1fc81,0x81153f0889ab398c4acb42cb58b565a5392bba95,0x20d2c17d1928ef4290bf17f922a10eaa2770bf43,135143881370000000000
18084284,2023-09-07T11:35:11.000Z,0xb6ca7399b4f9ca56fc27cbff44f4d2e4eef1fc81,0xa9d1e08c7793af67e9d92fe308d5697fb81d3e43,0x7c2eeb3ee6d651c6ba81ea448cacaf48ea122c8a,192828540000000000
18092580,2023-09-08T15:26:35.000Z,0xb6ca7399b4f9ca56fc27cbff44f4d2e4eef1fc81,0x9cfc1d1a45f79246e8e074cfdfc3f4aacdde8d9a,0xc074887d140e276a8b892222f925440eaf3ff40b,192780788413727959053
18092592,2023-09-08T15:28:59.000Z,0xb6ca7399b4f9ca56fc27cbff44f4d2e4eef1fc81,0xc074887d140e276a8b892222f925440eaf3ff40b,0x20d2c17d1928ef4290bf17f922a10eaa2770bf43,192780788413727959053
18092592,2023-09-08T15:28:59.000Z,0xb6ca7399b4f9ca56fc27cbff44f4d2e4eef1fc81,0x20d2c17d1928ef4290bf17f922a10eaa2770bf43,0x6b75d8af000000e20b7a7ddf000ba900b4009a80,69339406680507547648
18092592,2023-09-08T15:28:59.000Z,0xb6ca7399b4f9ca56fc27cbff44f4d2e4eef1fc81,0x6b75d8af000000e20b7a7ddf000ba900b4009a80,0xf5e4a4480f5e73cfe697384525d6f4a07617ac71,69339402047093992896
18092593,2023-09-08T15:29:23.000Z,0xb6ca7399b4f9ca56fc27cbff44f4d2e4eef1fc81,0x20d2c17d1928ef4290bf17f922a10eaa2770bf43,0xb75815d249a766a022f32802a7bf0434e5dffe0e,107306003013103352957
18093311,2023-09-08T17:53:35.000Z,0xb6ca7399b4f9ca56fc27cbff44f4d2e4eef1fc81,0x20d2c17d1928ef4290bf17f922a10eaa2770bf43,0xcab72cc134c2320b94ef253b5475fbade6ae2a29,170623999999999999790
18093332,2023-09-08T17:57:59.000Z,0xb6ca7399b4f9ca56fc27cbff44f4d2e4eef1fc81,0xf5e4a4480f5e73cfe697384525d6f4a07617ac71,0xcab72cc134c2320b94ef253b5475fbade6ae2a29,298568000000000000283
18093398,2023-09-08T18:11:23.000Z,0xb6ca7399b4f9ca56fc27cbff44f4d2e4eef1fc81,0x20d2c17d1928ef4290bf17f922a10eaa2770bf43,0xcab72cc134c2320b94ef253b5475fbade6ae2a29,293859999999999999857
18093415,2023-09-08T18:14:47.000Z,0xb6ca7399b4f9ca56fc27cbff44f4d2e4eef1fc81,0x20d2c17d1928ef4290bf17f922a10eaa2770bf43,0xb75815d249a766a022f32802a7bf0434e5dffe0e,121843963187036688350
18093415,2023-09-08T18:14:47.000Z,0xb6ca7399b4f9ca56fc27cbff44f4d2e4eef1fc81,0xf5e4a4480f5e73cfe697384525d6f4a07617ac71,0xcab72cc134c2320b94ef253b5475fbade6ae2a29,281248000000000000143
18093420,2023-09-08T18:15:47.000Z,0xb6ca7399b4f9ca56fc27cbff44f4d2e4eef1fc81,0x20d2c17d1928ef4290bf17f922a10eaa2770bf43,0xcab72cc134c2320b94ef253b5475fbade6ae2a29,275245999999999999766
18093425,2023-09-08T18:16:47.000Z,0xb6ca7399b4f9ca56fc27cbff44f4d2e4eef1fc81,0xf5e4a4480f5e73cfe697384525d6f4a07617ac71,0xcab72cc134c2320b94ef253b5475fbade6ae2a29,166070000000000000144
18093432,2023-09-08T18:18:11.000Z,0xb6ca7399b4f9ca56fc27cbff44f4d2e4eef1fc81,0xcab72cc134c2320b94ef253b5475fbade6ae2a29,0xa9d1e08c7793af67e9d92fe308d5697fb81d3e43,1339661999999999999826
18093440,2023-09-08T18:19:59.000Z,0xb6ca7399b4f9ca56fc27cbff44f4d2e4eef1fc81,0x20d2c17d1928ef4290bf17f922a10eaa2770bf43,0x52c85ece0389c089ac6420d78d08529aaf815558,263250023027951901473
18093453,2023-09-08T18:22:35.000Z,0xb6ca7399b4f9ca56fc27cbff44f4d2e4eef1fc81,0x20d2c17d1928ef4290bf17f922a10eaa2770bf43,0x52c85ece0389c089ac6420d78d08529aaf815558,89445566427439224984
18093453,2023-09-08T18:22:35.000Z,0xb6ca7399b4f9ca56fc27cbff44f4d2e4eef1fc81,0xf5e4a4480f5e73cfe697384525d6f4a07617ac71,0x52c85ece0389c089ac6420d78d08529aaf815558,168186425701325443902
18093514,2023-09-08T18:34:47.000Z,0xb6ca7399b4f9ca56fc27cbff44f4d2e4eef1fc81,0x20d2c17d1928ef4290bf17f922a10eaa2770bf43,0xcab72cc134c2320b94ef253b5475fbade6ae2a29,214198999999999999885
18093526,2023-09-08T18:37:11.000Z,0xb6ca7399b4f9ca56fc27cbff44f4d2e4eef1fc81,0xf5e4a4480f5e73cfe697384525d6f4a07617ac71,0xcab72cc134c2320b94ef253b5475fbade6ae2a29,247144000000000000183
18093531,2023-09-08T18:38:11.000Z,0xb6ca7399b4f9ca56fc27cbff44f4d2e4eef1fc81,0x20d2c17d1928ef4290bf17f922a10eaa2770bf43,0x52c85ece0389c089ac6420d78d08529aaf815558,239367750200031398066
18093546,2023-09-08T18:41:11.000Z,0xb6ca7399b4f9ca56fc27cbff44f4d2e4eef1fc81,0xa9d1e08c7793af67e9d92fe308d5697fb81d3e43,0x81153f0889ab398c4acb42cb58b565a5392bba95,135973264000000000000
18093546,2023-09-08T18:41:11.000Z,0xb6ca7399b4f9ca56fc27cbff44f4d2e4eef1fc81,0xa9d1e08c7793af67e9d92fe308d5697fb81d3e43,0x4cee806fc4ef8006e3f66cfb048034885b0efd12,239538264000000000000
18093546,2023-09-08T18:41:11.000Z,0xb6ca7399b4f9ca56fc27cbff44f4d2e4eef1fc81,0x81153f0889ab398c4acb42cb58b565a5392bba95,0x20d2c17d1928ef4290bf17f922a10eaa2770bf43,135973264000000000000
18093547,2023-09-08T18:41:23.000Z,0xb6ca7399b4f9ca56fc27cbff44f4d2e4eef1fc81,0x4cee806fc4ef8006e3f66cfb048034885b0efd12,0x20d2c17d1928ef4290bf17f922a10eaa2770bf43,239538264000000000000
18093556,2023-09-08T18:43:11.000Z,0xb6ca7399b4f9ca56fc27cbff44f4d2e4eef1fc81,0xa9d1e08c7793af67e9d92fe308d5697fb81d3e43,0xc5d4ec9300be6da89a3db305c415c7cd3cbb7e8e,239538264000000000000
18093557,2023-09-08T18:43:23.000Z,0xb6ca7399b4f9ca56fc27cbff44f4d2e4eef1fc81,0xc5d4ec9300be6da89a3db305c415c7cd3cbb7e8e,0x84c47754cc98768e0674681fc4881d7bc41f8aaa,239538264000000000000
18093559,2023-09-08T18:43:47.000Z,0xb6ca7399b4f9ca56fc27cbff44f4d2e4eef1fc81,0x20d2c17d1928ef4290bf17f922a10eaa2770bf43,0xcab72cc134c2320b94ef253b5475fbade6ae2a29,244953999999999999817
18093561,2023-09-08T18:44:11.000Z,0xb6ca7399b4f9ca56fc27cbff44f4d2e4eef1fc81,0xcab72cc134c2320b94ef253b5475fbade6ae2a29,0xa9d1e08c7793af67e9d92fe308d5697fb81d3e43,902658999999999999978
18093576,2023-09-08T18:47:11.000Z,0xb6ca7399b4f9ca56fc27cbff44f4d2e4eef1fc81,0xa9d1e08c7793af67e9d92fe308d5697fb81d3e43,0x81153f0889ab398c4acb42cb58b565a5392bba95,171588264000000000000
18093576,2023-09-08T18:47:11.000Z,0xb6ca7399b4f9ca56fc27cbff44f4d2e4eef1fc81,0x81153f0889ab398c4acb42cb58b565a5392bba95,0x20d2c17d1928ef4290bf17f922a10eaa2770bf43,171588264000000000000
18093582,2023-09-08T18:48:23.000Z,0xb6ca7399b4f9ca56fc27cbff44f4d2e4eef1fc81,0x20d2c17d1928ef4290bf17f922a10eaa2770bf43,0xcab72cc134c2320b94ef253b5475fbade6ae2a29,91155999999999999838
18093603,2023-09-08T18:52:35.000Z,0xb6ca7399b4f9ca56fc27cbff44f4d2e4eef1fc81,0x20d2c17d1928ef4290bf17f922a10eaa2770bf43,0xcab72cc134c2320b94ef253b5475fbade6ae2a29,238134999999999999961
18093607,2023-09-08T18:53:23.000Z,0xb6ca7399b4f9ca56fc27cbff44f4d2e4eef1fc81,0xf5e4a4480f5e73cfe697384525d6f4a07617ac71,0xcab72cc134c2320b94ef253b5475fbade6ae2a29,234087000000000000170
18093611,2023-09-08T18:54:11.000Z,0xb6ca7399b4f9ca56fc27cbff44f4d2e4eef1fc81,0x3b57d9794771531c904ae1c5fa296843b37f89d7,0x187ba987b871647b6ba9f57cc934b7816d002ab1,90755529180000000000
18093617,2023-09-08T18:55:23.000Z,0xb6ca7399b4f9ca56fc27cbff44f4d2e4eef1fc81,0x20d2c17d1928ef4290bf17f922a10eaa2770bf43,0xcab72cc134c2320b94ef253b5475fbade6ae2a29,228460999999999999792
18093618,2023-09-08T18:55:35.000Z,0xb6ca7399b4f9ca56fc27cbff44f4d2e4eef1fc81,0x0d0707963952f2fba59dd06f2b425ace40b492fe,0x90bba5e97ff32f09b0f85a146dc34aee0fdda933,500390000000000000000
18093623,2023-09-08T18:56:35.000Z,0xb6ca7399b4f9ca56fc27cbff44f4d2e4eef1fc81,0x0d0707963952f2fba59dd06f2b425ace40b492fe,0xb75815d249a766a022f32802a7bf0434e5dffe0e,58751000000000000000
18093641,2023-09-08T19:00:11.000Z,0xb6ca7399b4f9ca56fc27cbff44f4d2e4eef1fc81,0x90bba5e97ff32f09b0f85a146dc34aee0fdda933,0xa9d1e08c7793af67e9d92fe308d5697fb81d3e43,799550000000000000000
18093641,2023-09-08T19:00:11.000Z,0xb6ca7399b4f9ca56fc27cbff44f4d2e4eef1fc81,0xcab72cc134c2320b94ef253b5475fbade6ae2a29,0xa9d1e08c7793af67e9d92fe308d5697fb81d3e43,1036792999999999999578
18093646,2023-09-08T19:01:11.000Z,0xb6ca7399b4f9ca56fc27cbff44f4d2e4eef1fc81,0xa9d1e08c7793af67e9d92fe308d5697fb81d3e43,0x81153f0889ab398c4acb42cb58b565a5392bba95,127340202580000000000
18093646,2023-09-08T19:01:11.000Z,0xb6ca7399b4f9ca56fc27cbff44f4d2e4eef1fc81,0x81153f0889ab398c4acb42cb58b565a5392bba95,0x20d2c17d1928ef4290bf17f922a10eaa2770bf43,127340202580000000000
18093651,2023-09-08T19:02:11.000Z,0xb6ca7399b4f9ca56fc27cbff44f4d2e4eef1fc81,0xa9d1e08c7793af67e9d92fe308d5697fb81d3e43,0x4cee806fc4ef8006e3f66cfb048034885b0efd12,229108202580000000000
18093651,2023-09-08T19:02:11.000Z,0xb6ca7399b4f9ca56fc27cbff44f4d2e4eef1fc81,0xa9d1e08c7793af67e9d92fe308d5697fb81d3e43,0xc5d4ec9300be6da89a3db305c415c7cd3cbb7e8e,347644202580000000000
18093651,2023-09-08T19:02:11.000Z,0xb6ca7399b4f9ca56fc27cbff44f4d2e4eef1fc81,0x4cee806fc4ef8006e3f66cfb048034885b0efd12,0x20d2c17d1928ef4290bf17f922a10eaa2770bf43,229108202580000000000
18093651,2023-09-08T19:02:11.000Z,0xb6ca7399b4f9ca56fc27cbff44f4d2e4eef1fc81,0x20d2c17d1928ef4290bf17f922a10eaa2770bf43,0x2684e2d55e30680186ca2d5f5393ac0fb808f011,114130059679724975223
18093651,2023-09-08T19:02:11.000Z,0xb6ca7399b4f9ca56fc27cbff44f4d2e4eef1fc81,0x2684e2d55e30680186ca2d5f5393ac0fb808f011,0xf5e4a4480f5e73cfe697384525d6f4a07617ac71,114130059679724975223
18093652,2023-09-08T19:02:23.000Z,0xb6ca7399b4f9ca56fc27cbff44f4d2e4eef1fc81,0xc5d4ec9300be6da89a3db305c415c7cd3cbb7e8e,0x84c47754cc98768e0674681fc4881d7bc41f8aaa,347644202580000000000
18093656,2023-09-08T19:03:11.000Z,0xb6ca7399b4f9ca56fc27cbff44f4d2e4eef1fc81,0xa9d1e08c7793af67e9d92fe308d5697fb81d3e43,0x81153f0889ab398c4acb42cb58b565a5392bba95,171859202580000000000
18093656,2023-09-08T19:03:11.000Z,0xb6ca7399b4f9ca56fc27cbff44f4d2e4eef1fc81,0x81153f0889ab398c4acb42cb58b565a5392bba95,0x20d2c17d1928ef4290bf17f922a10eaa2770bf43,171859202580000000000
18093664,2023-09-08T19:04:47.000Z,0xb6ca7399b4f9ca56fc27cbff44f4d2e4eef1fc81,0x20d2c17d1928ef4290bf17f922a10eaa2770bf43,0xcab72cc134c2320b94ef253b5475fbade6ae2a29,235923999999999999840
18093689,2023-09-08T19:09:47.000Z,0xb6ca7399b4f9ca56fc27cbff44f4d2e4eef1fc81,0x649fc67b3f798789734bcc750c6e370056b94eaf,0x20d2c17d1928ef4290bf17f922a10eaa2770bf43,262000000000000000000
18093690,2023-09-08T19:09:59.000Z,0xb6ca7399b4f9ca56fc27cbff44f4d2e4eef1fc81,0x20d2c17d1928ef4290bf17f922a10eaa2770bf43,0xcab72cc134c2320b94ef253b5475fbade6ae2a29,64631999999999999986
18093694,2023-09-08T19:10:47.000Z,0xb6ca7399b4f9ca56fc27cbff44f4d2e4eef1fc81,0x20d2c17d1928ef4290bf17f922a10eaa2770bf43,0xcab72cc134c2320b94ef253b5475fbade6ae2a29,114827999999999999961
18093695,2023-09-08T19:10:59.000Z,0xb6ca7399b4f9ca56fc27cbff44f4d2e4eef1fc81,0x20d2c17d1928ef4290bf17f922a10eaa2770bf43,0xcab72cc134c2320b94ef253b5475fbade6ae2a29,216458999999999999789
18093695,2023-09-08T19:10:59.000Z,0xb6ca7399b4f9ca56fc27cbff44f4d2e4eef1fc81,0xf5e4a4480f5e73cfe697384525d6f4a07617ac71,0x20d2c17d1928ef4290bf17f922a10eaa2770bf43,73802065978072851109
18093696,2023-09-08T19:11:11.000Z,0xb6ca7399b4f9ca56fc27cbff44f4d2e4eef1fc81,0xb75815d249a766a022f32802a7bf0434e5dffe0e,0xa9d1e08c7793af67e9d92fe308d5697fb81d3e43,766271781643380042443
18093726,2023-09-08T19:17:11.000Z,0xb6ca7399b4f9ca56fc27cbff44f4d2e4eef1fc81,0xa9d1e08c7793af67e9d92fe308d5697fb81d3e43,0x4cee806fc4ef8006e3f66cfb048034885b0efd12,85130404100000000000
18093726,2023-09-08T19:17:11.000Z,0xb6ca7399b4f9ca56fc27cbff44f4d2e4eef1fc81,0x4cee806fc4ef8006e3f66cfb048034885b0efd12,0x20d2c17d1928ef4290bf17f922a10eaa2770bf43,85130404100000000000
18093740,2023-09-08T19:20:11.000Z,0xb6ca7399b4f9ca56fc27cbff44f4d2e4eef1fc81,0xa9d1e08c7793af67e9d92fe308d5697fb81d3e43,0x81153f0889ab398c4acb42cb58b565a5392bba95,118458074360000000000
18093740,2023-09-08T19:20:11.000Z,0xb6ca7399b4f9ca56fc27cbff44f4d2e4eef1fc81,0xa9d1e08c7793af67e9d92fe308d5697fb81d3e43,0x4cee806fc4ef8006e3f66cfb048034885b0efd12,237677074360000000000
18093740,2023-09-08T19:20:11.000Z,0xb6ca7399b4f9ca56fc27cbff44f4d2e4eef1fc81,0x4cee806fc4ef8006e3f66cfb048034885b0efd12,0x20d2c17d1928ef4290bf17f922a10eaa2770bf43,237677074360000000000
18093741,2023-09-08T19:20:23.000Z,0xb6ca7399b4f9ca56fc27cbff44f4d2e4eef1fc81,0x20d2c17d1928ef4290bf17f922a10eaa2770bf43,0x6b75d8af000000e20b7a7ddf000ba900b4009a80,75990474562715254784
18093741,2023-09-08T19:20:23.000Z,0xb6ca7399b4f9ca56fc27cbff44f4d2e4eef1fc81,0x6b75d8af000000e20b7a7ddf000ba900b4009a80,0xf5e4a4480f5e73cfe697384525d6f4a07617ac71,75990470676462893664
18093741,2023-09-08T19:20:23.000Z,0xb6ca7399b4f9ca56fc27cbff44f4d2e4eef1fc81,0x81153f0889ab398c4acb42cb58b565a5392bba95,0x20d2c17d1928ef4290bf17f922a10eaa2770bf43,118458074360000000000
18093747,2023-09-08T19:21:35.000Z,0xb6ca7399b4f9ca56fc27cbff44f4d2e4eef1fc81,0x20d2c17d1928ef4290bf17f922a10eaa2770bf43,0xcab72cc134c2320b94ef253b5475fbade6ae2a29,238663999999999999796
18093784,2023-09-08T19:29:11.000Z,0xb6ca7399b4f9ca56fc27cbff44f4d2e4eef1fc81,0xa9d1e08c7793af67e9d92fe308d5697fb81d3e43,0x4cee806fc4ef8006e3f66cfb048034885b0efd12,80131074360000000000
18093784,2023-09-08T19:29:11.000Z,0xb6ca7399b4f9ca56fc27cbff44f4d2e4eef1fc81,0xa9d1e08c7793af67e9d92fe308d5697fb81d3e43,0xc5d4ec9300be6da89a3db305c415c7cd3cbb7e8e,239531866180000000000
18093784,2023-09-08T19:29:11.000Z,0xb6ca7399b4f9ca56fc27cbff44f4d2e4eef1fc81,0xc5d4ec9300be6da89a3db305c415c7cd3cbb7e8e,0x20d2c17d1928ef4290bf17f922a10eaa2770bf43,239531866180000000000
18093785,2023-09-08T19:29:23.000Z,0xb6ca7399b4f9ca56fc27cbff44f4d2e4eef1fc81,0x4cee806fc4ef8006e3f66cfb048034885b0efd12,0x20d2c17d1928ef4290bf17f922a10eaa2770bf43,80131074360000000000
18093785,2023-09-08T19:29:23.000Z,0xb6ca7399b4f9ca56fc27cbff44f4d2e4eef1fc81,0x20d2c17d1928ef4290bf17f922a10eaa2770bf43,0xf5e4a4480f5e73cfe697384525d6f4a07617ac71,87089180510808928369
18093788,2023-09-08T19:29:59.000Z,0xb6ca7399b4f9ca56fc27cbff44f4d2e4eef1fc81,0x52c85ece0389c089ac6420d78d08529aaf815558,0x20d2c17d1928ef4290bf17f922a10eaa2770bf43,418137370946211382634
18093788,2023-09-08T19:29:59.000Z,0xb6ca7399b4f9ca56fc27cbff44f4d2e4eef1fc81,0x52c85ece0389c089ac6420d78d08529aaf815558,0xf5e4a4480f5e73cfe697384525d6f4a07617ac71,342112394410536585791
18093789,2023-09-08T19:30:11.000Z,0xb6ca7399b4f9ca56fc27cbff44f4d2e4eef1fc81,0x20d2c17d1928ef4290bf17f922a10eaa2770bf43,0xcab72cc134c2320b94ef253b5475fbade6ae2a29,255785999999999999834
18093794,2023-09-08T19:31:11.000Z,0xb6ca7399b4f9ca56fc27cbff44f4d2e4eef1fc81,0xa9d1e08c7793af67e9d92fe308d5697fb81d3e43,0x81153f0889ab398c4acb42cb58b565a5392bba95,118516866180000000000
18093794,2023-09-08T19:31:11.000Z,0xb6ca7399b4f9ca56fc27cbff44f4d2e4eef1fc81,0x81153f0889ab398c4acb42cb58b565a5392bba95,0x20d2c17d1928ef4290bf17f922a10eaa2770bf43,118516866180000000000
18093808,2023-09-08T19:33:59.000Z,0xb6ca7399b4f9ca56fc27cbff44f4d2e4eef1fc81,0xf5e4a4480f5e73cfe697384525d6f4a07617ac71,0xcab72cc134c2320b94ef253b5475fbade6ae2a29,188990000000000000217
18093812,2023-09-08T19:34:47.000Z,0xb6ca7399b4f9ca56fc27cbff44f4d2e4eef1fc81,0x20d2c17d1928ef4290bf17f922a10eaa2770bf43,0xcab72cc134c2320b94ef253b5475fbade6ae2a29,249971999999999999936
18093826,2023-09-08T19:37:35.000Z,0xb6ca7399b4f9ca56fc27cbff44f4d2e4eef1fc81,0xbdabd4f55a3c5a840ce932a92523765417e1c4cc,0x20d2c17d1928ef4290bf17f922a10eaa2770bf43,359100000000000000000
18093826,2023-09-08T19:37:35.000Z,0xb6ca7399b4f9ca56fc27cbff44f4d2e4eef1fc81,0xbdabd4f55a3c5a840ce932a92523765417e1c4cc,0xf5e4a4480f5e73cfe697384525d6f4a07617ac71,153900000000000000000
18093827,2023-09-08T19:37:47.000Z,0xb6ca7399b4f9ca56fc27cbff44f4d2e4eef1fc81,0x20d2c17d1928ef4290bf17f922a10eaa2770bf43,0xcab72cc134c2320b94ef253b5475fbade6ae2a29,254530999999999999778
18093829,2023-09-08T19:38:11.000Z,0xb6ca7399b4f9ca56fc27cbff44f4d2e4eef1fc81,0xcab72cc134c2320b94ef253b5475fbade6ae2a29,0xa9d1e08c7793af67e9d92fe308d5697fb81d3e43,1315282999999999999423
18093835,2023-09-08T19:39:23.000Z,0xb6ca7399b4f9ca56fc27cbff44f4d2e4eef1fc81,0xf5e4a4480f5e73cfe697384525d6f4a07617ac71,0xcab72cc134c2320b94ef253b5475fbade6ae2a29,63987000000000000050
18093839,2023-09-08T19:40:11.000Z,0xb6ca7399b4f9ca56fc27cbff44f4d2e4eef1fc81,0xf5e4a4480f5e73cfe697384525d6f4a07617ac71,0xcab72cc134c2320b94ef253b5475fbade6ae2a29,244873000000000000212
18093839,2023-09-08T19:40:11.000Z,0xb6ca7399b4f9ca56fc27cbff44f4d2e4eef1fc81,0x20d2c17d1928ef4290bf17f922a10eaa2770bf43,0xf5e4a4480f5e73cfe697384525d6f4a07617ac71,61102771646075962921
18093846,2023-09-08T19:41:35.000Z,0xb6ca7399b4f9ca56fc27cbff44f4d2e4eef1fc81,0x20d2c17d1928ef4290bf17f922a10eaa2770bf43,0xb75815d249a766a022f32802a7bf0434e5dffe0e,124490797404472317488
18093860,2023-09-08T19:44:23.000Z,0xb6ca7399b4f9ca56fc27cbff44f4d2e4eef1fc81,0x20d2c17d1928ef4290bf17f922a10eaa2770bf43,0xcab72cc134c2320b94ef253b5475fbade6ae2a29,97597999999999999916
18093883,2023-09-08T19:49:11.000Z,0xb6ca7399b4f9ca56fc27cbff44f4d2e4eef1fc81,0xcab72cc134c2320b94ef253b5475fbade6ae2a29,0xa9d1e08c7793af67e9d92fe308d5697fb81d3e43,910960999999999999892
18093903,2023-09-08T19:53:11.000Z,0xb6ca7399b4f9ca56fc27cbff44f4d2e4eef1fc81,0xbdabd4f55a3c5a840ce932a92523765417e1c4cc,0x20d2c17d1928ef4290bf17f922a10eaa2770bf43,359433713522019317183
18093903,2023-09-08T19:53:11.000Z,0xb6ca7399b4f9ca56fc27cbff44f4d2e4eef1fc81,0xbdabd4f55a3c5a840ce932a92523765417e1c4cc,0xf5e4a4480f5e73cfe697384525d6f4a07617ac71,154043020080865421650
18093904,2023-09-08T19:53:23.000Z,0xb6ca7399b4f9ca56fc27cbff44f4d2e4eef1fc81,0x20d2c17d1928ef4290bf17f922a10eaa2770bf43,0xcab72cc134c2320b94ef253b5475fbade6ae2a29,246986999999999999919
18093904,2023-09-08T19:53:23.000Z,0xb6ca7399b4f9ca56fc27cbff44f4d2e4eef1fc81,0xf5e4a4480f5e73cfe697384525d6f4a07617ac71,0x20d2c17d1928ef4290bf17f922a10eaa2770bf43,68717362801243947672
18094161,2023-09-08T20:46:11.000Z,0xb6ca7399b4f9ca56fc27cbff44f4d2e4eef1fc81,0xa9d1e08c7793af67e9d92fe308d5697fb81d3e43,0x81153f0889ab398c4acb42cb58b565a5392bba95,82983798180000000000
18094161,2023-09-08T20:46:11.000Z,0xb6ca7399b4f9ca56fc27cbff44f4d2e4eef1fc81,0x81153f0889ab398c4acb42cb58b565a5392bba95,0x20d2c17d1928ef4290bf17f922a10eaa2770bf43,82983798180000000000
18094206,2023-09-08T20:55:11.000Z,0xb6ca7399b4f9ca56fc27cbff44f4d2e4eef1fc81,0xa9d1e08c7793af67e9d92fe308d5697fb81d3e43,0x81153f0889ab398c4acb42cb58b565a5392bba95,100824525550000000000
18094206,2023-09-08T20:55:11.000Z,0xb6ca7399b4f9ca56fc27cbff44f4d2e4eef1fc81,0x81153f0889ab398c4acb42cb58b565a5392bba95,0x20d2c17d1928ef4290bf17f922a10eaa2770bf43,100824525550000000000
18094211,2023-09-08T20:56:11.000Z,0xb6ca7399b4f9ca56fc27cbff44f4d2e4eef1fc81,0xa9d1e08c7793af67e9d92fe308d5697fb81d3e43,0x81153f0889ab398c4acb42cb58b565a5392bba95,91920525550000000000
18094211,2023-09-08T20:56:11.000Z,0xb6ca7399b4f9ca56fc27cbff44f4d2e4eef1fc81,0xa9d1e08c7793af67e9d92fe308d5697fb81d3e43,0x4cee806fc4ef8006e3f66cfb048034885b0efd12,254810525550000000000
18094211,2023-09-08T20:56:11.000Z,0xb6ca7399b4f9ca56fc27cbff44f4d2e4eef1fc81,0x81153f0889ab398c4acb42cb58b565a5392bba95,0x20d2c17d1928ef4290bf17f922a10eaa2770bf43,91920525550000000000
18094212,2023-09-08T20:56:23.000Z,0xb6ca7399b4f9ca56fc27cbff44f4d2e4eef1fc81,0x4cee806fc4ef8006e3f66cfb048034885b0efd12,0x20d2c17d1928ef4290bf17f922a10eaa2770bf43,254810525550000000000
18094212,2023-09-08T20:56:23.000Z,0xb6ca7399b4f9ca56fc27cbff44f4d2e4eef1fc81,0x20d2c17d1928ef4290bf17f922a10eaa2770bf43,0x6b75d8af000000e20b7a7ddf000ba900b4009a80,165123867909562564608
18094212,2023-09-08T20:56:23.000Z,0xb6ca7399b4f9ca56fc27cbff44f4d2e4eef1fc81,0x6b75d8af000000e20b7a7ddf000ba900b4009a80,0xf5e4a4480f5e73cfe697384525d6f4a07617ac71,165123864090987155747
18094261,2023-09-08T21:06:11.000Z,0xb6ca7399b4f9ca56fc27cbff44f4d2e4eef1fc81,0xa9d1e08c7793af67e9d92fe308d5697fb81d3e43,0x81153f0889ab398c4acb42cb58b565a5392bba95,154227397140000000000
18094261,2023-09-08T21:06:11.000Z,0xb6ca7399b4f9ca56fc27cbff44f4d2e4eef1fc81,0xa9d1e08c7793af67e9d92fe308d5697fb81d3e43,0xc5d4ec9300be6da89a3db305c415c7cd3cbb7e8e,199131397140000000000
18094261,2023-09-08T21:06:11.000Z,0xb6ca7399b4f9ca56fc27cbff44f4d2e4eef1fc81,0xa9d1e08c7793af67e9d92fe308d5697fb81d3e43,0x4cee806fc4ef8006e3f66cfb048034885b0efd12,267413397140000000000
18094261,2023-09-08T21:06:11.000Z,0xb6ca7399b4f9ca56fc27cbff44f4d2e4eef1fc81,0xc5d4ec9300be6da89a3db305c415c7cd3cbb7e8e,0xf5e4a4480f5e73cfe697384525d6f4a07617ac71,199131397140000000000
18094261,2023-09-08T21:06:11.000Z,0xb6ca7399b4f9ca56fc27cbff44f4d2e4eef1fc81,0x81153f0889ab398c4acb42cb58b565a5392bba95,0x20d2c17d1928ef4290bf17f922a10eaa2770bf43,154227397140000000000
18094262,2023-09-08T21:06:23.000Z,0xb6ca7399b4f9ca56fc27cbff44f4d2e4eef1fc81,0x4cee806fc4ef8006e3f66cfb048034885b0efd12,0x20d2c17d1928ef4290bf17f922a10eaa2770bf43,267413397140000000000
18094262,2023-09-08T21:06:23.000Z,0xb6ca7399b4f9ca56fc27cbff44f4d2e4eef1fc81,0x20d2c17d1928ef4290bf17f922a10eaa2770bf43,0x6b75d8af000000e20b7a7ddf000ba900b4009a80,70872692138115596288
18094262,2023-09-08T21:06:23.000Z,0xb6ca7399b4f9ca56fc27cbff44f4d2e4eef1fc81,0x6b75d8af000000e20b7a7ddf000ba900b4009a80,0xf5e4a4480f5e73cfe697384525d6f4a07617ac71,70872688573261574519
18094302,2023-09-08T21:14:35.000Z,0xb6ca7399b4f9ca56fc27cbff44f4d2e4eef1fc81,0x20d2c17d1928ef4290bf17f922a10eaa2770bf43,0xcab72cc134c2320b94ef253b5475fbade6ae2a29,138731999999999999841
18094330,2023-09-08T21:20:11.000Z,0xb6ca7399b4f9ca56fc27cbff44f4d2e4eef1fc81,0xa9d1e08c7793af67e9d92fe308d5697fb81d3e43,0x81153f0889ab398c4acb42cb58b565a5392bba95,65206113770000000000
18094330,2023-09-08T21:20:11.000Z,0xb6ca7399b4f9ca56fc27cbff44f4d2e4eef1fc81,0xa9d1e08c7793af67e9d92fe308d5697fb81d3e43,0x4cee806fc4ef8006e3f66cfb048034885b0efd12,277030613530000000000
18094330,2023-09-08T21:20:11.000Z,0xb6ca7399b4f9ca56fc27cbff44f4d2e4eef1fc81,0x4cee806fc4ef8006e3f66cfb048034885b0efd12,0x20d2c17d1928ef4290bf17f922a10eaa2770bf43,277030613530000000000
18094331,2023-09-08T21:20:23.000Z,0xb6ca7399b4f9ca56fc27cbff44f4d2e4eef1fc81,0x20d2c17d1928ef4290bf17f922a10eaa2770bf43,0x6b75d8af000000e20b7a7ddf000ba900b4009a80,59918269885211213824
18094331,2023-09-08T21:20:23.000Z,0xb6ca7399b4f9ca56fc27cbff44f4d2e4eef1fc81,0x6b75d8af000000e20b7a7ddf000ba900b4009a80,0xf5e4a4480f5e73cfe697384525d6f4a07617ac71,59918266055561150103
18094409,2023-09-08T21:35:59.000Z,0xb6ca7399b4f9ca56fc27cbff44f4d2e4eef1fc81,0x20d2c17d1928ef4290bf17f922a10eaa2770bf43,0xcab72cc134c2320b94ef253b5475fbade6ae2a29,87140999999999999821
18094418,2023-09-08T21:37:47.000Z,0xb6ca7399b4f9ca56fc27cbff44f4d2e4eef1fc81,0x20d2c17d1928ef4290bf17f922a10eaa2770bf43,0xcab72cc134c2320b94ef253b5475fbade6ae2a29,203159999999999999818
18094418,2023-09-08T21:37:47.000Z,0xb6ca7399b4f9ca56fc27cbff44f4d2e4eef1fc81,0xf5e4a4480f5e73cfe697384525d6f4a07617ac71,0x20d2c17d1928ef4290bf17f922a10eaa2770bf43,57042609497581156220
18094440,2023-09-08T21:42:11.000Z,0xb6ca7399b4f9ca56fc27cbff44f4d2e4eef1fc81,0xcab72cc134c2320b94ef253b5475fbade6ae2a29,0xa9d1e08c7793af67e9d92fe308d5697fb81d3e43,676019999999999999399
18094460,2023-09-08T21:46:11.000Z,0xb6ca7399b4f9ca56fc27cbff44f4d2e4eef1fc81,0x20d2c17d1928ef4290bf17f922a10eaa2770bf43,0xcab72cc134c2320b94ef253b5475fbade6ae2a29,181490999999999999793
18094460,2023-09-08T21:46:11.000Z,0xb6ca7399b4f9ca56fc27cbff44f4d2e4eef1fc81,0xf5e4a4480f5e73cfe697384525d6f4a07617ac71,0x20d2c17d1928ef4290bf17f922a10eaa2770bf43,79418625861059954936
18094684,2023-09-08T22:31:11.000Z,0xb6ca7399b4f9ca56fc27cbff44f4d2e4eef1fc81,0xa9d1e08c7793af67e9d92fe308d5697fb81d3e43,0x4cee806fc4ef8006e3f66cfb048034885b0efd12,105672769380000000000
18094685,2023-09-08T22:31:23.000Z,0xb6ca7399b4f9ca56fc27cbff44f4d2e4eef1fc81,0x4cee806fc4ef8006e3f66cfb048034885b0efd12,0x20d2c17d1928ef4290bf17f922a10eaa2770bf43,105672769380000000000
18094757,2023-09-08T22:45:47.000Z,0xb6ca7399b4f9ca56fc27cbff44f4d2e4eef1fc81,0x81153f0889ab398c4acb42cb58b565a5392bba95,0x20d2c17d1928ef4290bf17f922a10eaa2770bf43,65206113770000000000
18095034,2023-09-08T23:41:35.000Z,0xb6ca7399b4f9ca56fc27cbff44f4d2e4eef1fc81,0x20d2c17d1928ef4290bf17f922a10eaa2770bf43,0xcab72cc134c2320b94ef253b5475fbade6ae2a29,265994999999999999996
18095036,2023-09-08T23:41:59.000Z,0xb6ca7399b4f9ca56fc27cbff44f4d2e4eef1fc81,0xf5e4a4480f5e73cfe697384525d6f4a07617ac71,0x20d2c17d1928ef4290bf17f922a10eaa2770bf43,42359401035128350898
18095043,2023-09-08T23:43:23.000Z,0xb6ca7399b4f9ca56fc27cbff44f4d2e4eef1fc81,0xf5e4a4480f5e73cfe697384525d6f4a07617ac71,0x20d2c17d1928ef4290bf17f922a10eaa2770bf43,874734747317376654935
18095043,2023-09-08T23:43:23.000Z,0xb6ca7399b4f9ca56fc27cbff44f4d2e4eef1fc81,0x360d2c7e394f0182ca0ab490d7bdb3083f8ad571,0x20d2c17d1928ef4290bf17f922a10eaa2770bf43,200603803735497463256
18095043,2023-09-08T23:43:23.000Z,0xb6ca7399b4f9ca56fc27cbff44f4d2e4eef1fc81,0x20d2c17d1928ef4290bf17f922a10eaa2770bf43,0xf5e4a4480f5e73cfe697384525d6f4a07617ac71,897841388590692705560
18095058,2023-09-08T23:46:23.000Z,0xb6ca7399b4f9ca56fc27cbff44f4d2e4eef1fc81,0x20d2c17d1928ef4290bf17f922a10eaa2770bf43,0xcab72cc134c2320b94ef253b5475fbade6ae2a29,69126999999999999917
18095072,2023-09-08T23:49:11.000Z,0xb6ca7399b4f9ca56fc27cbff44f4d2e4eef1fc81,0x84c47754cc98768e0674681fc4881d7bc41f8aaa,0xa9d1e08c7793af67e9d92fe308d5697fb81d3e43,587182466580000000000
18095078,2023-09-08T23:50:23.000Z,0xb6ca7399b4f9ca56fc27cbff44f4d2e4eef1fc81,0x20d2c17d1928ef4290bf17f922a10eaa2770bf43,0xb75815d249a766a022f32802a7bf0434e5dffe0e,90883681108947653276
18095320,2023-09-09T00:39:11.000Z,0xb6ca7399b4f9ca56fc27cbff44f4d2e4eef1fc81,0xa9d1e08c7793af67e9d92fe308d5697fb81d3e43,0x018d3efe6cd6b98d86ee461d5f40c6cdef655030,5570283729131325670196
18095355,2023-09-09T00:46:11.000Z,0xb6ca7399b4f9ca56fc27cbff44f4d2e4eef1fc81,0xa9d1e08c7793af67e9d92fe308d5697fb81d3e43,0x4cee806fc4ef8006e3f66cfb048034885b0efd12,80666266360000000000
18095355,2023-09-09T00:46:11.000Z,0xb6ca7399b4f9ca56fc27cbff44f4d2e4eef1fc81,0xa9d1e08c7793af67e9d92fe308d5697fb81d3e43,0x81153f0889ab398c4acb42cb58b565a5392bba95,136455266360000000000
18095355,2023-09-09T00:46:11.000Z,0xb6ca7399b4f9ca56fc27cbff44f4d2e4eef1fc81,0x4cee806fc4ef8006e3f66cfb048034885b0efd12,0x20d2c17d1928ef4290bf17f922a10eaa2770bf43,80666266360000000000
18095356,2023-09-09T00:46:23.000Z,0xb6ca7399b4f9ca56fc27cbff44f4d2e4eef1fc81,0x81153f0889ab398c4acb42cb58b565a5392bba95,0x20d2c17d1928ef4290bf17f922a10eaa2770bf43,136455266360000000000
18096133,2023-09-09T03:23:11.000Z,0xb6ca7399b4f9ca56fc27cbff44f4d2e4eef1fc81,0xa9d1e08c7793af67e9d92fe308d5697fb81d3e43,0x81153f0889ab398c4acb42cb58b565a5392bba95,65223341300000000000
18096133,2023-09-09T03:23:11.000Z,0xb6ca7399b4f9ca56fc27cbff44f4d2e4eef1fc81,0x81153f0889ab398c4acb42cb58b565a5392bba95,0x20d2c17d1928ef4290bf17f922a10eaa2770bf43,65223341300000000000
18096134,2023-09-09T03:23:23.000Z,0xb6ca7399b4f9ca56fc27cbff44f4d2e4eef1fc81,0x20d2c17d1928ef4290bf17f922a10eaa2770bf43,0xf5e4a4480f5e73cfe697384525d6f4a07617ac71,53200179762274228553
18096505,2023-09-09T04:38:11.000Z,0xb6ca7399b4f9ca56fc27cbff44f4d2e4eef1fc81,0xa9d1e08c7793af67e9d92fe308d5697fb81d3e43,0x4cee806fc4ef8006e3f66cfb048034885b0efd12,141317686040000000000
18096505,2023-09-09T04:38:11.000Z,0xb6ca7399b4f9ca56fc27cbff44f4d2e4eef1fc81,0x4cee806fc4ef8006e3f66cfb048034885b0efd12,0x20d2c17d1928ef4290bf17f922a10eaa2770bf43,141317686040000000000
18096506,2023-09-09T04:38:23.000Z,0xb6ca7399b4f9ca56fc27cbff44f4d2e4eef1fc81,0x20d2c17d1928ef4290bf17f922a10eaa2770bf43,0xf5e4a4480f5e73cfe697384525d6f4a07617ac71,61409967065233865397
18096796,2023-09-09T05:36:47.000Z,0xb6ca7399b4f9ca56fc27cbff44f4d2e4eef1fc81,0xb7d672703e7987715912a0784be91b27d1098c89,0x20d2c17d1928ef4290bf17f922a10eaa2770bf43,43600000000000000000
18096796,2023-09-09T05:36:47.000Z,0xb6ca7399b4f9ca56fc27cbff44f4d2e4eef1fc81,0xb7d672703e7987715912a0784be91b27d1098c89,0xf5e4a4480f5e73cfe697384525d6f4a07617ac71,65400000000000000000
18096918,2023-09-09T06:01:11.000Z,0xb6ca7399b4f9ca56fc27cbff44f4d2e4eef1fc81,0xa9d1e08c7793af67e9d92fe308d5697fb81d3e43,0x81153f0889ab398c4acb42cb58b565a5392bba95,83026325150000000000
18096918,2023-09-09T06:01:11.000Z,0xb6ca7399b4f9ca56fc27cbff44f4d2e4eef1fc81,0x81153f0889ab398c4acb42cb58b565a5392bba95,0x20d2c17d1928ef4290bf17f922a10eaa2770bf43,83026325150000000000
18097704,2023-09-09T08:38:59.000Z,0xb6ca7399b4f9ca56fc27cbff44f4d2e4eef1fc81,0x2200cb93099aef790c1c049b0e1c7602bb7240e2,0x20d2c17d1928ef4290bf17f922a10eaa2770bf43,12000000000000000148
18098930,2023-09-09T12:48:11.000Z,0xb6ca7399b4f9ca56fc27cbff44f4d2e4eef1fc81,0xa9d1e08c7793af67e9d92fe308d5697fb81d3e43,0xc5d4ec9300be6da89a3db305c415c7cd3cbb7e8e,214547271120000000000
18098930,2023-09-09T12:48:11.000Z,0xb6ca7399b4f9ca56fc27cbff44f4d2e4eef1fc81,0xc5d4ec9300be6da89a3db305c415c7cd3cbb7e8e,0xf5e4a4480f5e73cfe697384525d6f4a07617ac71,214547271120000000000
18098945,2023-09-09T12:51:11.000Z,0xb6ca7399b4f9ca56fc27cbff44f4d2e4eef1fc81,0xa9d1e08c7793af67e9d92fe308d5697fb81d3e43,0x81153f0889ab398c4acb42cb58b565a5392bba95,95388271120000000000
18098945,2023-09-09T12:51:11.000Z,0xb6ca7399b4f9ca56fc27cbff44f4d2e4eef1fc81,0x81153f0889ab398c4acb42cb58b565a5392bba95,0x20d2c17d1928ef4290bf17f922a10eaa2770bf43,95388271120000000000
18098960,2023-09-09T12:54:11.000Z,0xb6ca7399b4f9ca56fc27cbff44f4d2e4eef1fc81,0xa9d1e08c7793af67e9d92fe308d5697fb81d3e43,0x81153f0889ab398c4acb42cb58b565a5392bba95,95398927390000000000
18098960,2023-09-09T12:54:11.000Z,0xb6ca7399b4f9ca56fc27cbff44f4d2e4eef1fc81,0x81153f0889ab398c4acb42cb58b565a5392bba95,0x20d2c17d1928ef4290bf17f922a10eaa2770bf43,95398927390000000000
18099034,2023-09-09T13:09:11.000Z,0xb6ca7399b4f9ca56fc27cbff44f4d2e4eef1fc81,0xa9d1e08c7793af67e9d92fe308d5697fb81d3e43,0x8782163068c7cd74d2510768a61135c1e4eb07b3,499814888270000000000
18099336,2023-09-09T14:10:11.000Z,0xb6ca7399b4f9ca56fc27cbff44f4d2e4eef1fc81,0xa9d1e08c7793af67e9d92fe308d5697fb81d3e43,0x81153f0889ab398c4acb42cb58b565a5392bba95,103968166910000000000
18099336,2023-09-09T14:10:11.000Z,0xb6ca7399b4f9ca56fc27cbff44f4d2e4eef1fc81,0x81153f0889ab398c4acb42cb58b565a5392bba95,0x20d2c17d1928ef4290bf17f922a10eaa2770bf43,103968166910000000000
18103559,2023-09-10T04:21:35.000Z,0xb6ca7399b4f9ca56fc27cbff44f4d2e4eef1fc81,0x8782163068c7cd74d2510768a61135c1e4eb07b3,0x0d0707963952f2fba59dd06f2b425ace40b492fe,499814888270000000000
18103674,2023-09-10T04:44:35.000Z,0xb6ca7399b4f9ca56fc27cbff44f4d2e4eef1fc81,0x8edb463af91e1d14556ce71025ce14634060730d,0xf5e4a4480f5e73cfe697384525d6f4a07617ac71,2351936003441988548
18107172,2023-09-10T16:29:35.000Z,0xb6ca7399b4f9ca56fc27cbff44f4d2e4eef1fc81,0x20d2c17d1928ef4290bf17f922a10eaa2770bf43,0x1111111254eeb25477b68fb85ed929f73a960582,288647482790471744294
18107172,2023-09-10T16:29:35.000Z,0xb6ca7399b4f9ca56fc27cbff44f4d2e4eef1fc81,0x1111111254eeb25477b68fb85ed929f73a960582,0x406cbfc2d391bed42078138165465128b4e0cb06,288647482790471744294
18107185,2023-09-10T16:32:11.000Z,0xb6ca7399b4f9ca56fc27cbff44f4d2e4eef1fc81,0xa9d1e08c7793af67e9d92fe308d5697fb81d3e43,0x81153f0889ab398c4acb42cb58b565a5392bba95,90234932840000000000
18107185,2023-09-10T16:32:11.000Z,0xb6ca7399b4f9ca56fc27cbff44f4d2e4eef1fc81,0x81153f0889ab398c4acb42cb58b565a5392bba95,0x20d2c17d1928ef4290bf17f922a10eaa2770bf43,90234932840000000000
18107518,2023-09-10T17:38:59.000Z,0xb6ca7399b4f9ca56fc27cbff44f4d2e4eef1fc81,0x406cbfc2d391bed42078138165465128b4e0cb06,0x20d2c17d1928ef4290bf17f922a10eaa2770bf43,194837050883568423149
18107518,2023-09-10T17:38:59.000Z,0xb6ca7399b4f9ca56fc27cbff44f4d2e4eef1fc81,0x406cbfc2d391bed42078138165465128b4e0cb06,0xf5e4a4480f5e73cfe697384525d6f4a07617ac71,93810431906903321145
18108461,2023-09-10T20:50:23.000Z,0xb6ca7399b4f9ca56fc27cbff44f4d2e4eef1fc81,0x37046124f9a96f55447f85a505d957ab434dfc51,0x20d2c17d1928ef4290bf17f922a10eaa2770bf43,32964631480857381665
18111856,2023-09-11T08:15:23.000Z,0xb6ca7399b4f9ca56fc27cbff44f4d2e4eef1fc81,0x20d2c17d1928ef4290bf17f922a10eaa2770bf43,0xb75815d249a766a022f32802a7bf0434e5dffe0e,78325583488479815882
18112206,2023-09-11T09:25:23.000Z,0xb6ca7399b4f9ca56fc27cbff44f4d2e4eef1fc81,0x20d2c17d1928ef4290bf17f922a10eaa2770bf43,0xb75815d249a766a022f32802a7bf0434e5dffe0e,103342943417953297623
18113628,2023-09-11T14:12:23.000Z,0xb6ca7399b4f9ca56fc27cbff44f4d2e4eef1fc81,0xf5e4a4480f5e73cfe697384525d6f4a07617ac71,0xb75815d249a766a022f32802a7bf0434e5dffe0e,103860864098467587831
18115763,2023-09-11T21:21:47.000Z,0xb6ca7399b4f9ca56fc27cbff44f4d2e4eef1fc81,0x9cfc1d1a45f79246e8e074cfdfc3f4aacdde8d9a,0x992870958636010bf1f542a7e6547ef0959baef2,22190490114760773708
18117348,2023-09-12T02:41:59.000Z,0xb6ca7399b4f9ca56fc27cbff44f4d2e4eef1fc81,0xf5e4a4480f5e73cfe697384525d6f4a07617ac71,0x1111111254eeb25477b68fb85ed929f73a960582,112171682163162122855
18117348,2023-09-12T02:41:59.000Z,0xb6ca7399b4f9ca56fc27cbff44f4d2e4eef1fc81,0x20d2c17d1928ef4290bf17f922a10eaa2770bf43,0x1111111254eeb25477b68fb85ed929f73a960582,200260322733623754981
18117348,2023-09-12T02:41:59.000Z,0xb6ca7399b4f9ca56fc27cbff44f4d2e4eef1fc81,0x1111111254eeb25477b68fb85ed929f73a960582,0x649fc67b3f798789734bcc750c6e370056b94eaf,312432004896785877836
18119366,2023-09-12T09:30:11.000Z,0xb6ca7399b4f9ca56fc27cbff44f4d2e4eef1fc81,0x992870958636010bf1f542a7e6547ef0959baef2,0x20d2c17d1928ef4290bf17f922a10eaa2770bf43,23219730854596594642
18119629,2023-09-12T10:23:11.000Z,0xb6ca7399b4f9ca56fc27cbff44f4d2e4eef1fc81,0xa9d1e08c7793af67e9d92fe308d5697fb81d3e43,0xc5d4ec9300be6da89a3db305c415c7cd3cbb7e8e,215221127470000000000
18119629,2023-09-12T10:23:11.000Z,0xb6ca7399b4f9ca56fc27cbff44f4d2e4eef1fc81,0xc5d4ec9300be6da89a3db305c415c7cd3cbb7e8e,0x20d2c17d1928ef4290bf17f922a10eaa2770bf43,215221127470000000000
18119768,2023-09-12T10:51:11.000Z,0xb6ca7399b4f9ca56fc27cbff44f4d2e4eef1fc81,0x20d2c17d1928ef4290bf17f922a10eaa2770bf43,0xf5e4a4480f5e73cfe697384525d6f4a07617ac71,48723201752104026805
18121253,2023-09-12T15:50:47.000Z,0xb6ca7399b4f9ca56fc27cbff44f4d2e4eef1fc81,0x601a63c50448477310fedb826ed0295499baf623,0xf54635836862aad6e255e9b4fe49275fa5047e5d,1081893308922024273474
18122512,2023-09-12T20:04:11.000Z,0xb6ca7399b4f9ca56fc27cbff44f4d2e4eef1fc81,0xdb714714f05ce065fbbff0444130f4ccd1936482,0x74de5d4fcbf63e00296fd95d33236b9794016631,123699964219308354487
18122512,2023-09-12T20:04:11.000Z,0xb6ca7399b4f9ca56fc27cbff44f4d2e4eef1fc81,0x74de5d4fcbf63e00296fd95d33236b9794016631,0x20d2c17d1928ef4290bf17f922a10eaa2770bf43,123699964219308354487
18122579,2023-09-12T20:17:47.000Z,0xb6ca7399b4f9ca56fc27cbff44f4d2e4eef1fc81,0x20d2c17d1928ef4290bf17f922a10eaa2770bf43,0xf5e4a4480f5e73cfe697384525d6f4a07617ac71,53708930334728732326
18126027,2023-09-13T07:54:23.000Z,0xb6ca7399b4f9ca56fc27cbff44f4d2e4eef1fc81,0xc618b905f7b41c7d53c23474322d7d3297730419,0xc618b905f7b41c7d53c23474322d7d3297730419,100000000000000000
18126030,2023-09-13T07:54:59.000Z,0xb6ca7399b4f9ca56fc27cbff44f4d2e4eef1fc81,0x4b5922abf25858d012d12bb1184e5d3d0b6d6be4,0xc618b905f7b41c7d53c23474322d7d3297730419,100000000000000000
18126032,2023-09-13T07:55:23.000Z,0xb6ca7399b4f9ca56fc27cbff44f4d2e4eef1fc81,0x4b5922abf25858d012d12bb1184e5d3d0b6d6be4,0xc618b905f7b41c7d53c23474322d7d3297730419,100000000000000000
18128372,2023-09-13T15:48:11.000Z,0xb6ca7399b4f9ca56fc27cbff44f4d2e4eef1fc81,0xa9d1e08c7793af67e9d92fe308d5697fb81d3e43,0x81153f0889ab398c4acb42cb58b565a5392bba95,132397452510000000000
18128372,2023-09-13T15:48:11.000Z,0xb6ca7399b4f9ca56fc27cbff44f4d2e4eef1fc81,0x81153f0889ab398c4acb42cb58b565a5392bba95,0x20d2c17d1928ef4290bf17f922a10eaa2770bf43,132397452510000000000
18128376,2023-09-13T15:48:59.000Z,0xb6ca7399b4f9ca56fc27cbff44f4d2e4eef1fc81,0x20d2c17d1928ef4290bf17f922a10eaa2770bf43,0xf5e4a4480f5e73cfe697384525d6f4a07617ac71,57593272112748074679
18129869,2023-09-13T20:50:23.000Z,0xb6ca7399b4f9ca56fc27cbff44f4d2e4eef1fc81,0x6b1e0d933bb686ab7639d65a2e370c60cd1d5e9d,0xfad7884b7a611c66f9666c0dfcf12cfacbe2d1ea,30000000000000000000
18130244,2023-09-13T22:05:47.000Z,0xb6ca7399b4f9ca56fc27cbff44f4d2e4eef1fc81,0x9b8f5836f00b585b6a2329e6f12bc5661c1d2af2,0xdbba2a97fb4bef1b1ffecac65360591d716a5e4d,40854473378305470642
18132756,2023-09-14T06:33:23.000Z,0xb6ca7399b4f9ca56fc27cbff44f4d2e4eef1fc81,0x20d2c17d1928ef4290bf17f922a10eaa2770bf43,0x9cfc1d1a45f79246e8e074cfdfc3f4aacdde8d9a,121972535890231604
18135400,2023-09-14T15:28:47.000Z,0xb6ca7399b4f9ca56fc27cbff44f4d2e4eef1fc81,0x20d2c17d1928ef4290bf17f922a10eaa2770bf43,0xcab72cc134c2320b94ef253b5475fbade6ae2a29,288505999999999999743
18135403,2023-09-14T15:29:35.000Z,0xb6ca7399b4f9ca56fc27cbff44f4d2e4eef1fc81,0xf5e4a4480f5e73cfe697384525d6f4a07617ac71,0xcab72cc134c2320b94ef253b5475fbade6ae2a29,280961000000000000198
18135405,2023-09-14T15:29:59.000Z,0xb6ca7399b4f9ca56fc27cbff44f4d2e4eef1fc81,0x20d2c17d1928ef4290bf17f922a10eaa2770bf43,0xcab72cc134c2320b94ef253b5475fbade6ae2a29,275665999999999999937
18135418,2023-09-14T15:32:59.000Z,0xb6ca7399b4f9ca56fc27cbff44f4d2e4eef1fc81,0xf5e4a4480f5e73cfe697384525d6f4a07617ac71,0xcab72cc134c2320b94ef253b5475fbade6ae2a29,265129000000000000010
18135425,2023-09-14T15:34:23.000Z,0xb6ca7399b4f9ca56fc27cbff44f4d2e4eef1fc81,0x20d2c17d1928ef4290bf17f922a10eaa2770bf43,0xcab72cc134c2320b94ef253b5475fbade6ae2a29,66744999999999999792
18135429,2023-09-14T15:35:11.000Z,0xb6ca7399b4f9ca56fc27cbff44f4d2e4eef1fc81,0xcab72cc134c2320b94ef253b5475fbade6ae2a29,0xa9d1e08c7793af67e9d92fe308d5697fb81d3e43,1361745999999999999584
18135431,2023-09-14T15:35:35.000Z,0xb6ca7399b4f9ca56fc27cbff44f4d2e4eef1fc81,0x20d2c17d1928ef4290bf17f922a10eaa2770bf43,0xcab72cc134c2320b94ef253b5475fbade6ae2a29,64464999999999999864
18135436,2023-09-14T15:36:35.000Z,0xb6ca7399b4f9ca56fc27cbff44f4d2e4eef1fc81,0x20d2c17d1928ef4290bf17f922a10eaa2770bf43,0xcab72cc134c2320b94ef253b5475fbade6ae2a29,258044999999999999768
18135444,2023-09-14T15:38:11.000Z,0xb6ca7399b4f9ca56fc27cbff44f4d2e4eef1fc81,0xa9d1e08c7793af67e9d92fe308d5697fb81d3e43,0x81153f0889ab398c4acb42cb58b565a5392bba95,132322258270000000000
18135444,2023-09-14T15:38:11.000Z,0xb6ca7399b4f9ca56fc27cbff44f4d2e4eef1fc81,0xa9d1e08c7793af67e9d92fe308d5697fb81d3e43,0xc5d4ec9300be6da89a3db305c415c7cd3cbb7e8e,192827258270000000000
18135444,2023-09-14T15:38:11.000Z,0xb6ca7399b4f9ca56fc27cbff44f4d2e4eef1fc81,0xc5d4ec9300be6da89a3db305c415c7cd3cbb7e8e,0x20d2c17d1928ef4290bf17f922a10eaa2770bf43,192827258270000000000
18135445,2023-09-14T15:38:23.000Z,0xb6ca7399b4f9ca56fc27cbff44f4d2e4eef1fc81,0x81153f0889ab398c4acb42cb58b565a5392bba95,0x20d2c17d1928ef4290bf17f922a10eaa2770bf43,132322258270000000000
18135448,2023-09-14T15:39:11.000Z,0xb6ca7399b4f9ca56fc27cbff44f4d2e4eef1fc81,0xa9d1e08c7793af67e9d92fe308d5697fb81d3e43,0x0cd83953b2098dc82d307b041e01ac796a3c80d6,165045153710000000000
18135448,2023-09-14T15:39:11.000Z,0xb6ca7399b4f9ca56fc27cbff44f4d2e4eef1fc81,0x0cd83953b2098dc82d307b041e01ac796a3c80d6,0xf5e4a4480f5e73cfe697384525d6f4a07617ac71,165045153710000000000
18135540,2023-09-14T15:57:59.000Z,0xb6ca7399b4f9ca56fc27cbff44f4d2e4eef1fc81,0xcee368e9fbcac790e2dcec167641282a51fd0caf,0x74de5d4fcbf63e00296fd95d33236b9794016631,35000000000000000000
18135540,2023-09-14T15:57:59.000Z,0xb6ca7399b4f9ca56fc27cbff44f4d2e4eef1fc81,0x74de5d4fcbf63e00296fd95d33236b9794016631,0x20d2c17d1928ef4290bf17f922a10eaa2770bf43,35000000000000000000
18136122,2023-09-14T17:55:23.000Z,0xb6ca7399b4f9ca56fc27cbff44f4d2e4eef1fc81,0xcee368e9fbcac790e2dcec167641282a51fd0caf,0x74de5d4fcbf63e00296fd95d33236b9794016631,30000000000000000000
18136122,2023-09-14T17:55:23.000Z,0xb6ca7399b4f9ca56fc27cbff44f4d2e4eef1fc81,0x74de5d4fcbf63e00296fd95d33236b9794016631,0x20d2c17d1928ef4290bf17f922a10eaa2770bf43,30000000000000000000
18137121,2023-09-14T21:17:11.000Z,0xb6ca7399b4f9ca56fc27cbff44f4d2e4eef1fc81,0xcab72cc134c2320b94ef253b5475fbade6ae2a29,0xa9d1e08c7793af67e9d92fe308d5697fb81d3e43,654383999999999999434
18137442,2023-09-14T22:21:47.000Z,0xb6ca7399b4f9ca56fc27cbff44f4d2e4eef1fc81,0xd72f88b92ad39c5ec89bdc63d9c42598b53aaf5d,0x003fc1cd216b2fd79b666b26628d770967e8aa5a,6494404660000000000
18137509,2023-09-14T22:35:47.000Z,0xb6ca7399b4f9ca56fc27cbff44f4d2e4eef1fc81,0x20d2c17d1928ef4290bf17f922a10eaa2770bf43,0xcab72cc134c2320b94ef253b5475fbade6ae2a29,169971999999999999835
18137639,2023-09-14T23:01:59.000Z,0xb6ca7399b4f9ca56fc27cbff44f4d2e4eef1fc81,0xf5e4a4480f5e73cfe697384525d6f4a07617ac71,0xb75815d249a766a022f32802a7bf0434e5dffe0e,134597090440403043231
18137679,2023-09-14T23:09:59.000Z,0xb6ca7399b4f9ca56fc27cbff44f4d2e4eef1fc81,0x1ca0622c2f7390369b77e5bcea2d91d000805326,0x74de5d4fcbf63e00296fd95d33236b9794016631,33889540509356468273
18137679,2023-09-14T23:09:59.000Z,0xb6ca7399b4f9ca56fc27cbff44f4d2e4eef1fc81,0x74de5d4fcbf63e00296fd95d33236b9794016631,0x20d2c17d1928ef4290bf17f922a10eaa2770bf43,33889540509356468273
18138006,2023-09-15T00:15:47.000Z,0xb6ca7399b4f9ca56fc27cbff44f4d2e4eef1fc81,0x20d2c17d1928ef4290bf17f922a10eaa2770bf43,0xcab72cc134c2320b94ef253b5475fbade6ae2a29,143835999999999999985
18138031,2023-09-15T00:20:59.000Z,0xb6ca7399b4f9ca56fc27cbff44f4d2e4eef1fc81,0xb75815d249a766a022f32802a7bf0434e5dffe0e,0xa9d1e08c7793af67e9d92fe308d5697fb81d3e43,635500959958723715331
18138534,2023-09-15T02:03:11.000Z,0xb6ca7399b4f9ca56fc27cbff44f4d2e4eef1fc81,0xa9d1e08c7793af67e9d92fe308d5697fb81d3e43,0x81153f0889ab398c4acb42cb58b565a5392bba95,115112197510000000000
18138534,2023-09-15T02:03:11.000Z,0xb6ca7399b4f9ca56fc27cbff44f4d2e4eef1fc81,0x81153f0889ab398c4acb42cb58b565a5392bba95,0x20d2c17d1928ef4290bf17f922a10eaa2770bf43,115112197510000000000
18139199,2023-09-15T04:18:11.000Z,0xb6ca7399b4f9ca56fc27cbff44f4d2e4eef1fc81,0xa9d1e08c7793af67e9d92fe308d5697fb81d3e43,0x81153f0889ab398c4acb42cb58b565a5392bba95,115214079060000000000
18139199,2023-09-15T04:18:11.000Z,0xb6ca7399b4f9ca56fc27cbff44f4d2e4eef1fc81,0x81153f0889ab398c4acb42cb58b565a5392bba95,0x20d2c17d1928ef4290bf17f922a10eaa2770bf43,115214079060000000000
18139399,2023-09-15T04:58:23.000Z,0xb6ca7399b4f9ca56fc27cbff44f4d2e4eef1fc81,0xf5e4a4480f5e73cfe697384525d6f4a07617ac71,0xc36442b4a4522e871399cd717abdd847ab11fe88,6628574343125493795
18139399,2023-09-15T04:58:23.000Z,0xb6ca7399b4f9ca56fc27cbff44f4d2e4eef1fc81,0xc36442b4a4522e871399cd717abdd847ab11fe88,0x2fc9d90c72084e95d680fef1bd695ea1980273b5,6628574343125493795
18139682,2023-09-15T05:55:11.000Z,0xb6ca7399b4f9ca56fc27cbff44f4d2e4eef1fc81,0x2fc9d90c72084e95d680fef1bd695ea1980273b5,0xf5e4a4480f5e73cfe697384525d6f4a07617ac71,6628574343125493795
18140088,2023-09-15T07:18:23.000Z,0xb6ca7399b4f9ca56fc27cbff44f4d2e4eef1fc81,0x9cfc1d1a45f79246e8e074cfdfc3f4aacdde8d9a,0xc775e55d6be674312f9cb8011b5f31733277dc41,410286771810495540995
18140572,2023-09-15T08:56:35.000Z,0xb6ca7399b4f9ca56fc27cbff44f4d2e4eef1fc81,0x20d2c17d1928ef4290bf17f922a10eaa2770bf43,0x2c25f296680f37b0e4a3c2cdd9cb682d77f88f32,35146887878491629791
18140581,2023-09-15T08:58:23.000Z,0xb6ca7399b4f9ca56fc27cbff44f4d2e4eef1fc81,0x2c25f296680f37b0e4a3c2cdd9cb682d77f88f32,0x584cfa8a195938feef1f34a0d5334b2ec32c82f1,35146887878491629791
18142798,2023-09-15T16:28:23.000Z,0xb6ca7399b4f9ca56fc27cbff44f4d2e4eef1fc81,0xcee368e9fbcac790e2dcec167641282a51fd0caf,0x74de5d4fcbf63e00296fd95d33236b9794016631,500548401390882628168
18142798,2023-09-15T16:28:23.000Z,0xb6ca7399b4f9ca56fc27cbff44f4d2e4eef1fc81,0x74de5d4fcbf63e00296fd95d33236b9794016631,0x3208684f96458c540eb08f6f01b9e9afb2b7d4f0,500548401390882628168
18142798,2023-09-15T16:28:23.000Z,0xb6ca7399b4f9ca56fc27cbff44f4d2e4eef1fc81,0x3208684f96458c540eb08f6f01b9e9afb2b7d4f0,0x20d2c17d1928ef4290bf17f922a10eaa2770bf43,250274200695441314084
18142798,2023-09-15T16:28:23.000Z,0xb6ca7399b4f9ca56fc27cbff44f4d2e4eef1fc81,0x3208684f96458c540eb08f6f01b9e9afb2b7d4f0,0xf5e4a4480f5e73cfe697384525d6f4a07617ac71,250274200695441314084
18143738,2023-09-15T19:40:23.000Z,0xb6ca7399b4f9ca56fc27cbff44f4d2e4eef1fc81,0xfa7093cdd9ee6932b4eb2c9e1cde7ce00b1fa4b9,0x9efd9a82c2b30a49a24dffa155746de243c7dc70,545550667537555880421
18143738,2023-09-15T19:40:23.000Z,0xb6ca7399b4f9ca56fc27cbff44f4d2e4eef1fc81,0xfa7093cdd9ee6932b4eb2c9e1cde7ce00b1fa4b9,0xe8a8b458bcd1ececc6b6b58f80929b29ccecff40,1367294906109162607
18145840,2023-09-16T02:46:11.000Z,0xb6ca7399b4f9ca56fc27cbff44f4d2e4eef1fc81,0x20d2c17d1928ef4290bf17f922a10eaa2770bf43,0xb75815d249a766a022f32802a7bf0434e5dffe0e,93712766296672035060
18146876,2023-09-16T06:15:35.000Z,0xb6ca7399b4f9ca56fc27cbff44f4d2e4eef1fc81,0x20d2c17d1928ef4290bf17f922a10eaa2770bf43,0x9cfc1d1a45f79246e8e074cfdfc3f4aacdde8d9a,101370801575689118
18146916,2023-09-16T06:23:35.000Z,0xb6ca7399b4f9ca56fc27cbff44f4d2e4eef1fc81,0x20d2c17d1928ef4290bf17f922a10eaa2770bf43,0x9cfc1d1a45f79246e8e074cfdfc3f4aacdde8d9a,91223794443843639
18146939,2023-09-16T06:28:11.000Z,0xb6ca7399b4f9ca56fc27cbff44f4d2e4eef1fc81,0x20d2c17d1928ef4290bf17f922a10eaa2770bf43,0x9cfc1d1a45f79246e8e074cfdfc3f4aacdde8d9a,82093375398636027
18146946,2023-09-16T06:29:35.000Z,0xb6ca7399b4f9ca56fc27cbff44f4d2e4eef1fc81,0x20d2c17d1928ef4290bf17f922a10eaa2770bf43,0x9cfc1d1a45f79246e8e074cfdfc3f4aacdde8d9a,73877526691966617
18146953,2023-09-16T06:30:59.000Z,0xb6ca7399b4f9ca56fc27cbff44f4d2e4eef1fc81,0x20d2c17d1928ef4290bf17f922a10eaa2770bf43,0x9cfc1d1a45f79246e8e074cfdfc3f4aacdde8d9a,66484500640828522
18146978,2023-09-16T06:36:23.000Z,0xb6ca7399b4f9ca56fc27cbff44f4d2e4eef1fc81,0x20d2c17d1928ef4290bf17f922a10eaa2770bf43,0x9cfc1d1a45f79246e8e074cfdfc3f4aacdde8d9a,59831779620747837
18146989,2023-09-16T06:38:35.000Z,0xb6ca7399b4f9ca56fc27cbff44f4d2e4eef1fc81,0x20d2c17d1928ef4290bf17f922a10eaa2770bf43,0x9cfc1d1a45f79246e8e074cfdfc3f4aacdde8d9a,53845142536644148
18146989,2023-09-16T06:38:35.000Z,0xb6ca7399b4f9ca56fc27cbff44f4d2e4eef1fc81,0x20d2c17d1928ef4290bf17f922a10eaa2770bf43,0x9cfc1d1a45f79246e8e074cfdfc3f4aacdde8d9a,48457826650951213
18146992,2023-09-16T06:39:11.000Z,0xb6ca7399b4f9ca56fc27cbff44f4d2e4eef1fc81,0x20d2c17d1928ef4290bf17f922a10eaa2770bf43,0x9cfc1d1a45f79246e8e074cfdfc3f4aacdde8d9a,43609774851109362
18147003,2023-09-16T06:41:35.000Z,0xb6ca7399b4f9ca56fc27cbff44f4d2e4eef1fc81,0x20d2c17d1928ef4290bf17f922a10eaa2770bf43,0x9cfc1d1a45f79246e8e074cfdfc3f4aacdde8d9a,39246959503305564
18147007,2023-09-16T06:42:23.000Z,0xb6ca7399b4f9ca56fc27cbff44f4d2e4eef1fc81,0x20d2c17d1928ef4290bf17f922a10eaa2770bf43,0x9cfc1d1a45f79246e8e074cfdfc3f4aacdde8d9a,35320774983657810
18147010,2023-09-16T06:43:11.000Z,0xb6ca7399b4f9ca56fc27cbff44f4d2e4eef1fc81,0x20d2c17d1928ef4290bf17f922a10eaa2770bf43,0x9cfc1d1a45f79246e8e074cfdfc3f4aacdde8d9a,31787491816648164
18147030,2023-09-16T06:47:11.000Z,0xb6ca7399b4f9ca56fc27cbff44f4d2e4eef1fc81,0x20d2c17d1928ef4290bf17f922a10eaa2770bf43,0x9cfc1d1a45f79246e8e074cfdfc3f4aacdde8d9a,28607766096232438
18147034,2023-09-16T06:47:59.000Z,0xb6ca7399b4f9ca56fc27cbff44f4d2e4eef1fc81,0x20d2c17d1928ef4290bf17f922a10eaa2770bf43,0x9cfc1d1a45f79246e8e074cfdfc3f4aacdde8d9a,25746198528746670
18147038,2023-09-16T06:48:47.000Z,0xb6ca7399b4f9ca56fc27cbff44f4d2e4eef1fc81,0x20d2c17d1928ef4290bf17f922a10eaa2770bf43,0x9cfc1d1a45f79246e8e074cfdfc3f4aacdde8d9a,23170938028086801
18147045,2023-09-16T06:50:11.000Z,0xb6ca7399b4f9ca56fc27cbff44f4d2e4eef1fc81,0x20d2c17d1928ef4290bf17f922a10eaa2770bf43,0x9cfc1d1a45f79246e8e074cfdfc3f4aacdde8d9a,20853325321043480
18147054,2023-09-16T06:51:59.000Z,0xb6ca7399b4f9ca56fc27cbff44f4d2e4eef1fc81,0x20d2c17d1928ef4290bf17f922a10eaa2770bf43,0x9cfc1d1a45f79246e8e074cfdfc3f4aacdde8d9a,18767572491432341
18147054,2023-09-16T06:51:59.000Z,0xb6ca7399b4f9ca56fc27cbff44f4d2e4eef1fc81,0x20d2c17d1928ef4290bf17f922a10eaa2770bf43,0x9cfc1d1a45f79246e8e074cfdfc3f4aacdde8d9a,16890474812187089
18147061,2023-09-16T06:53:35.000Z,0xb6ca7399b4f9ca56fc27cbff44f4d2e4eef1fc81,0x20d2c17d1928ef4290bf17f922a10eaa2770bf43,0x9cfc1d1a45f79246e8e074cfdfc3f4aacdde8d9a,15201151590515771
18147063,2023-09-16T06:53:59.000Z,0xb6ca7399b4f9ca56fc27cbff44f4d2e4eef1fc81,0x20d2c17d1928ef4290bf17f922a10eaa2770bf43,0x9cfc1d1a45f79246e8e074cfdfc3f4aacdde8d9a,13680813087478272
18147079,2023-09-16T06:57:11.000Z,0xb6ca7399b4f9ca56fc27cbff44f4d2e4eef1fc81,0x20d2c17d1928ef4290bf17f922a10eaa2770bf43,0x9cfc1d1a45f79246e8e074cfdfc3f4aacdde8d9a,12312550874315922
18147082,2023-09-16T06:57:47.000Z,0xb6ca7399b4f9ca56fc27cbff44f4d2e4eef1fc81,0x20d2c17d1928ef4290bf17f922a10eaa2770bf43,0x9cfc1d1a45f79246e8e074cfdfc3f4aacdde8d9a,11081149257380664
18147084,2023-09-16T06:58:11.000Z,0xb6ca7399b4f9ca56fc27cbff44f4d2e4eef1fc81,0x20d2c17d1928ef4290bf17f922a10eaa2770bf43,0x9cfc1d1a45f79246e8e074cfdfc3f4aacdde8d9a,9972915644984065
18147091,2023-09-16T06:59:35.000Z,0xb6ca7399b4f9ca56fc27cbff44f4d2e4eef1fc81,0x20d2c17d1928ef4290bf17f922a10eaa2770bf43,0x9cfc1d1a45f79246e8e074cfdfc3f4aacdde8d9a,8975527945924633
18147103,2023-09-16T07:01:59.000Z,0xb6ca7399b4f9ca56fc27cbff44f4d2e4eef1fc81,0x20d2c17d1928ef4290bf17f922a10eaa2770bf43,0x9cfc1d1a45f79246e8e074cfdfc3f4aacdde8d9a,8077897283527648
18147105,2023-09-16T07:02:23.000Z,0xb6ca7399b4f9ca56fc27cbff44f4d2e4eef1fc81,0x20d2c17d1928ef4290bf17f922a10eaa2770bf43,0x9cfc1d1a45f79246e8e074cfdfc3f4aacdde8d9a,7270044483120979
18147109,2023-09-16T07:03:11.000Z,0xb6ca7399b4f9ca56fc27cbff44f4d2e4eef1fc81,0x20d2c17d1928ef4290bf17f922a10eaa2770bf43,0x9cfc1d1a45f79246e8e074cfdfc3f4aacdde8d9a,6542988947077623
18147112,2023-09-16T07:03:47.000Z,0xb6ca7399b4f9ca56fc27cbff44f4d2e4eef1fc81,0x20d2c17d1928ef4290bf17f922a10eaa2770bf43,0x9cfc1d1a45f79246e8e074cfdfc3f4aacdde8d9a,5888648671768383
18147133,2023-09-16T07:07:59.000Z,0xb6ca7399b4f9ca56fc27cbff44f4d2e4eef1fc81,0x20d2c17d1928ef4290bf17f922a10eaa2770bf43,0x9cfc1d1a45f79246e8e074cfdfc3f4aacdde8d9a,5299750286640533
18147147,2023-09-16T07:10:47.000Z,0xb6ca7399b4f9ca56fc27cbff44f4d2e4eef1fc81,0x20d2c17d1928ef4290bf17f922a10eaa2770bf43,0x9cfc1d1a45f79246e8e074cfdfc3f4aacdde8d9a,4769748108681054
18147156,2023-09-16T07:12:35.000Z,0xb6ca7399b4f9ca56fc27cbff44f4d2e4eef1fc81,0x20d2c17d1928ef4290bf17f922a10eaa2770bf43,0x9cfc1d1a45f79246e8e074cfdfc3f4aacdde8d9a,4292751307062582
18147160,2023-09-16T07:13:23.000Z,0xb6ca7399b4f9ca56fc27cbff44f4d2e4eef1fc81,0x20d2c17d1928ef4290bf17f922a10eaa2770bf43,0x9cfc1d1a45f79246e8e074cfdfc3f4aacdde8d9a,3863458363978472
18147169,2023-09-16T07:15:11.000Z,0xb6ca7399b4f9ca56fc27cbff44f4d2e4eef1fc81,0x20d2c17d1928ef4290bf17f922a10eaa2770bf43,0x9cfc1d1a45f79246e8e074cfdfc3f4aacdde8d9a,3477098099649569
18147172,2023-09-16T07:15:47.000Z,0xb6ca7399b4f9ca56fc27cbff44f4d2e4eef1fc81,0x20d2c17d1928ef4290bf17f922a10eaa2770bf43,0x9cfc1d1a45f79246e8e074cfdfc3f4aacdde8d9a,3129376603129539
18147202,2023-09-16T07:21:47.000Z,0xb6ca7399b4f9ca56fc27cbff44f4d2e4eef1fc81,0x20d2c17d1928ef4290bf17f922a10eaa2770bf43,0x9cfc1d1a45f79246e8e074cfdfc3f4aacdde8d9a,2816429476757484
18150350,2023-09-16T18:02:59.000Z,0xb6ca7399b4f9ca56fc27cbff44f4d2e4eef1fc81,0xe62a7e6397a8ba6b414affc1de0237c20c7f6f83,0x20d2c17d1928ef4290bf17f922a10eaa2770bf43,81002486973426313088
18151578,2023-09-16T22:14:11.000Z,0xb6ca7399b4f9ca56fc27cbff44f4d2e4eef1fc81,0xa9d1e08c7793af67e9d92fe308d5697fb81d3e43,0xdeb63ea9a0e80f78b767cd84f88e3e70cc6c75b4,1179610500000000000
18151585,2023-09-16T22:15:35.000Z,0xb6ca7399b4f9ca56fc27cbff44f4d2e4eef1fc81,0x20d2c17d1928ef4290bf17f922a10eaa2770bf43,0xcab72cc134c2320b94ef253b5475fbade6ae2a29,175852999999999999741
18151618,2023-09-16T22:22:11.000Z,0xb6ca7399b4f9ca56fc27cbff44f4d2e4eef1fc81,0x7695810110b0ae808702590cb60ac30f1a8898eb,0xa9d1e08c7793af67e9d92fe308d5697fb81d3e43,550586563024296750000
18151907,2023-09-16T23:20:35.000Z,0xb6ca7399b4f9ca56fc27cbff44f4d2e4eef1fc81,0xf5e4a4480f5e73cfe697384525d6f4a07617ac71,0x20d2c17d1928ef4290bf17f922a10eaa2770bf43,37832080609478547548
18156261,2023-09-17T14:12:11.000Z,0xb6ca7399b4f9ca56fc27cbff44f4d2e4eef1fc81,0x20d2c17d1928ef4290bf17f922a10eaa2770bf43,0x9cfc1d1a45f79246e8e074cfdfc3f4aacdde8d9a,2510965004922637
18162510,2023-09-18T11:24:11.000Z,0xb6ca7399b4f9ca56fc27cbff44f4d2e4eef1fc81,0xa9d1e08c7793af67e9d92fe308d5697fb81d3e43,0xc5d4ec9300be6da89a3db305c415c7cd3cbb7e8e,206927070560000000000
18162510,2023-09-18T11:24:11.000Z,0xb6ca7399b4f9ca56fc27cbff44f4d2e4eef1fc81,0xc5d4ec9300be6da89a3db305c415c7cd3cbb7e8e,0x20d2c17d1928ef4290bf17f922a10eaa2770bf43,206927070560000000000
18163651,2023-09-18T15:16:11.000Z,0xb6ca7399b4f9ca56fc27cbff44f4d2e4eef1fc81,0x20d2c17d1928ef4290bf17f922a10eaa2770bf43,0x6b75d8af000000e20b7a7ddf000ba900b4009a80,48597855395792289792
18163651,2023-09-18T15:16:11.000Z,0xb6ca7399b4f9ca56fc27cbff44f4d2e4eef1fc81,0x6b75d8af000000e20b7a7ddf000ba900b4009a80,0xf5e4a4480f5e73cfe697384525d6f4a07617ac71,48597852628081614618
18163651,2023-09-18T15:16:11.000Z,0xb6ca7399b4f9ca56fc27cbff44f4d2e4eef1fc81,0x9efd9a82c2b30a49a24dffa155746de243c7dc70,0xf5e4a4480f5e73cfe697384525d6f4a07617ac71,545550667537555880421
18163651,2023-09-18T15:16:11.000Z,0xb6ca7399b4f9ca56fc27cbff44f4d2e4eef1fc81,0xf5e4a4480f5e73cfe697384525d6f4a07617ac71,0x20d2c17d1928ef4290bf17f922a10eaa2770bf43,263193131043665147386
18163653,2023-09-18T15:16:35.000Z,0xb6ca7399b4f9ca56fc27cbff44f4d2e4eef1fc81,0x20d2c17d1928ef4290bf17f922a10eaa2770bf43,0xb75815d249a766a022f32802a7bf0434e5dffe0e,97251196912867067809
18163710,2023-09-18T15:28:11.000Z,0xb6ca7399b4f9ca56fc27cbff44f4d2e4eef1fc81,0xf5e4a4480f5e73cfe697384525d6f4a07617ac71,0xb75815d249a766a022f32802a7bf0434e5dffe0e,97549582828696996219
18165775,2023-09-18T22:23:59.000Z,0xb6ca7399b4f9ca56fc27cbff44f4d2e4eef1fc81,0x9cfc1d1a45f79246e8e074cfdfc3f4aacdde8d9a,0x2fc9d90c72084e95d680fef1bd695ea1980273b5,1500755419776579432080
18169389,2023-09-19T10:33:23.000Z,0xb6ca7399b4f9ca56fc27cbff44f4d2e4eef1fc81,0xc5df9e064df3636c8d5084402126d59a1547c777,0x382ffce2287252f930e1c8dc9328dac5bf282ba1,97079110959720663
18169389,2023-09-19T10:33:23.000Z,0xb6ca7399b4f9ca56fc27cbff44f4d2e4eef1fc81,0xc5df9e064df3636c8d5084402126d59a1547c777,0xe66b31678d6c16e9ebf358268a790b763c133750,6374861619688323548
18169389,2023-09-19T10:33:23.000Z,0xb6ca7399b4f9ca56fc27cbff44f4d2e4eef1fc81,0xe66b31678d6c16e9ebf358268a790b763c133750,0x20d2c17d1928ef4290bf17f922a10eaa2770bf43,6374861619688323548
18169453,2023-09-19T10:46:35.000Z,0xb6ca7399b4f9ca56fc27cbff44f4d2e4eef1fc81,0x37c14240884086a671ac959e66c9fdc84d63331e,0x20d2c17d1928ef4290bf17f922a10eaa2770bf43,4000028632497197773
18170653,2023-09-19T14:48:35.000Z,0xb6ca7399b4f9ca56fc27cbff44f4d2e4eef1fc81,0x439001e00378ee142489f56c04895fac01dc0bb5,0x20d2c17d1928ef4290bf17f922a10eaa2770bf43,100000000000000000000
18170654,2023-09-19T14:48:47.000Z,0xb6ca7399b4f9ca56fc27cbff44f4d2e4eef1fc81,0x20d2c17d1928ef4290bf17f922a10eaa2770bf43,0xcab72cc134c2320b94ef253b5475fbade6ae2a29,143182999999999999941
18171361,2023-09-19T17:11:47.000Z,0xb6ca7399b4f9ca56fc27cbff44f4d2e4eef1fc81,0x90d74f63cd53734a83001ffa1420b96510428952,0x7695810110b0ae808702590cb60ac30f1a8898eb,253164556962025360000
18171446,2023-09-19T17:28:47.000Z,0xb6ca7399b4f9ca56fc27cbff44f4d2e4eef1fc81,0xf5e4a4480f5e73cfe697384525d6f4a07617ac71,0xb75815d249a766a022f32802a7bf0434e5dffe0e,73190975908493309316
18172158,2023-09-19T19:51:47.000Z,0xb6ca7399b4f9ca56fc27cbff44f4d2e4eef1fc81,0x20d2c17d1928ef4290bf17f922a10eaa2770bf43,0xb75815d249a766a022f32802a7bf0434e5dffe0e,72989680639714654607
18172195,2023-09-19T19:59:11.000Z,0xb6ca7399b4f9ca56fc27cbff44f4d2e4eef1fc81,0xcab72cc134c2320b94ef253b5475fbade6ae2a29,0xa9d1e08c7793af67e9d92fe308d5697fb81d3e43,632843999999999999502
18176007,2023-09-20T08:48:11.000Z,0xb6ca7399b4f9ca56fc27cbff44f4d2e4eef1fc81,0x20d2c17d1928ef4290bf17f922a10eaa2770bf43,0x9cfc1d1a45f79246e8e074cfdfc3f4aacdde8d9a,2341362352915581
18176105,2023-09-20T09:07:47.000Z,0xb6ca7399b4f9ca56fc27cbff44f4d2e4eef1fc81,0x20d2c17d1928ef4290bf17f922a10eaa2770bf43,0x9cfc1d1a45f79246e8e074cfdfc3f4aacdde8d9a,2107220944887757
18176302,2023-09-20T09:47:23.000Z,0xb6ca7399b4f9ca56fc27cbff44f4d2e4eef1fc81,0xf5e4a4480f5e73cfe697384525d6f4a07617ac71,0xb75815d249a766a022f32802a7bf0434e5dffe0e,96338710511700362004
18177374,2023-09-20T13:23:23.000Z,0xb6ca7399b4f9ca56fc27cbff44f4d2e4eef1fc81,0x20d2c17d1928ef4290bf17f922a10eaa2770bf43,0xb75815d249a766a022f32802a7bf0434e5dffe0e,95993689096533484934
18177642,2023-09-20T14:17:11.000Z,0xb6ca7399b4f9ca56fc27cbff44f4d2e4eef1fc81,0x20d2c17d1928ef4290bf17f922a10eaa2770bf43,0xcab72cc134c2320b94ef253b5475fbade6ae2a29,71756999999999999849
18177708,2023-09-20T14:30:47.000Z,0xb6ca7399b4f9ca56fc27cbff44f4d2e4eef1fc81,0xf5e4a4480f5e73cfe697384525d6f4a07617ac71,0xb75815d249a766a022f32802a7bf0434e5dffe0e,93831013222506379640
18177762,2023-09-20T14:41:35.000Z,0xb6ca7399b4f9ca56fc27cbff44f4d2e4eef1fc81,0x20d2c17d1928ef4290bf17f922a10eaa2770bf43,0x429cf888dae41d589d57f6dc685707bec755fe63,126043275212636553216
18177762,2023-09-20T14:41:35.000Z,0xb6ca7399b4f9ca56fc27cbff44f4d2e4eef1fc81,0x20d2c17d1928ef4290bf17f922a10eaa2770bf43,0x23ebcd701fd92867235aeb0174b7c444b9b2b3ad,186346674095170508869
18177762,2023-09-20T14:41:35.000Z,0xb6ca7399b4f9ca56fc27cbff44f4d2e4eef1fc81,0xf5e4a4480f5e73cfe697384525d6f4a07617ac71,0x23ebcd701fd92867235aeb0174b7c444b9b2b3ad,187541217211724427149
18177762,2023-09-20T14:41:35.000Z,0xb6ca7399b4f9ca56fc27cbff44f4d2e4eef1fc81,0x23ebcd701fd92867235aeb0174b7c444b9b2b3ad,0x74de5d4fcbf63e00296fd95d33236b9794016631,373887891306894936018
18177762,2023-09-20T14:41:35.000Z,0xb6ca7399b4f9ca56fc27cbff44f4d2e4eef1fc81,0x74de5d4fcbf63e00296fd95d33236b9794016631,0xcee368e9fbcac790e2dcec167641282a51fd0caf,373887891306894936018
18177762,2023-09-20T14:41:35.000Z,0xb6ca7399b4f9ca56fc27cbff44f4d2e4eef1fc81,0x429cf888dae41d589d57f6dc685707bec755fe63,0x20d2c17d1928ef4290bf17f922a10eaa2770bf43,126035476376660738048
18179195,2023-09-20T19:29:11.000Z,0xb6ca7399b4f9ca56fc27cbff44f4d2e4eef1fc81,0xb75815d249a766a022f32802a7bf0434e5dffe0e,0xa9d1e08c7793af67e9d92fe308d5697fb81d3e43,720857615417184289589
18179316,2023-09-20T19:53:23.000Z,0xb6ca7399b4f9ca56fc27cbff44f4d2e4eef1fc81,0xcee368e9fbcac790e2dcec167641282a51fd0caf,0x74de5d4fcbf63e00296fd95d33236b9794016631,373887891306894936018
18179316,2023-09-20T19:53:23.000Z,0xb6ca7399b4f9ca56fc27cbff44f4d2e4eef1fc81,0x74de5d4fcbf63e00296fd95d33236b9794016631,0x3208684f96458c540eb08f6f01b9e9afb2b7d4f0,373887891306894936018
18179316,2023-09-20T19:53:23.000Z,0xb6ca7399b4f9ca56fc27cbff44f4d2e4eef1fc81,0x3208684f96458c540eb08f6f01b9e9afb2b7d4f0,0xf5e4a4480f5e73cfe697384525d6f4a07617ac71,168249551088102721208
18179316,2023-09-20T19:53:23.000Z,0xb6ca7399b4f9ca56fc27cbff44f4d2e4eef1fc81,0x3208684f96458c540eb08f6f01b9e9afb2b7d4f0,0x20d2c17d1928ef4290bf17f922a10eaa2770bf43,205638340218792214810
18179317,2023-09-20T19:53:35.000Z,0xb6ca7399b4f9ca56fc27cbff44f4d2e4eef1fc81,0x20d2c17d1928ef4290bf17f922a10eaa2770bf43,0xcab72cc134c2320b94ef253b5475fbade6ae2a29,267075999999999999775
18179343,2023-09-20T19:58:47.000Z,0xb6ca7399b4f9ca56fc27cbff44f4d2e4eef1fc81,0xf5e4a4480f5e73cfe697384525d6f4a07617ac71,0x20d2c17d1928ef4290bf17f922a10eaa2770bf43,55121231632771782002
18179466,2023-09-20T20:23:47.000Z,0xb6ca7399b4f9ca56fc27cbff44f4d2e4eef1fc81,0xf5e4a4480f5e73cfe697384525d6f4a07617ac71,0xb75815d249a766a022f32802a7bf0434e5dffe0e,91318558637117202806
18179782,2023-09-20T21:27:23.000Z,0xb6ca7399b4f9ca56fc27cbff44f4d2e4eef1fc81,0x20d2c17d1928ef4290bf17f922a10eaa2770bf43,0xcab72cc134c2320b94ef253b5475fbade6ae2a29,257966999999999999766
18179783,2023-09-20T21:27:35.000Z,0xb6ca7399b4f9ca56fc27cbff44f4d2e4eef1fc81,0xf5e4a4480f5e73cfe697384525d6f4a07617ac71,0x20d2c17d1928ef4290bf17f922a10eaa2770bf43,61285712846363211383
18179828,2023-09-20T21:36:35.000Z,0xb6ca7399b4f9ca56fc27cbff44f4d2e4eef1fc81,0x20d2c17d1928ef4290bf17f922a10eaa2770bf43,0x6b75d8af000000e20b7a7ddf000ba900b4009a80,119236948592005480448
18179828,2023-09-20T21:36:35.000Z,0xb6ca7399b4f9ca56fc27cbff44f4d2e4eef1fc81,0xf5e4a4480f5e73cfe697384525d6f4a07617ac71,0x6b75d8af000000e20b7a7ddf000ba900b4009a80,163255513977061448847
18179828,2023-09-20T21:36:35.000Z,0xb6ca7399b4f9ca56fc27cbff44f4d2e4eef1fc81,0x6b75d8af000000e20b7a7ddf000ba900b4009a80,0xf5e4a4480f5e73cfe697384525d6f4a07617ac71,163255505832812474655
18179828,2023-09-20T21:36:35.000Z,0xb6ca7399b4f9ca56fc27cbff44f4d2e4eef1fc81,0x20d2c17d1928ef4290bf17f922a10eaa2770bf43,0x1111111254eeb25477b68fb85ed929f73a960582,146768079039076530461
18179828,2023-09-20T21:36:35.000Z,0xb6ca7399b4f9ca56fc27cbff44f4d2e4eef1fc81,0xf5e4a4480f5e73cfe697384525d6f4a07617ac71,0x1111111254eeb25477b68fb85ed929f73a960582,147087070041193408118
18179828,2023-09-20T21:36:35.000Z,0xb6ca7399b4f9ca56fc27cbff44f4d2e4eef1fc81,0x1111111254eeb25477b68fb85ed929f73a960582,0x74de5d4fcbf63e00296fd95d33236b9794016631,293855149080269938579
18179828,2023-09-20T21:36:35.000Z,0xb6ca7399b4f9ca56fc27cbff44f4d2e4eef1fc81,0x74de5d4fcbf63e00296fd95d33236b9794016631,0xcee368e9fbcac790e2dcec167641282a51fd0caf,293855149080269938579
18179828,2023-09-20T21:36:35.000Z,0xb6ca7399b4f9ca56fc27cbff44f4d2e4eef1fc81,0x6b75d8af000000e20b7a7ddf000ba900b4009a80,0x20d2c17d1928ef4290bf17f922a10eaa2770bf43,119236947492493852672
18179828,2023-09-20T21:36:35.000Z,0xb6ca7399b4f9ca56fc27cbff44f4d2e4eef1fc81,0xf5e4a4480f5e73cfe697384525d6f4a07617ac71,0x6b75d8af000000e20b7a7ddf000ba900b4009a80,22722613967396884593
18179828,2023-09-20T21:36:35.000Z,0xb6ca7399b4f9ca56fc27cbff44f4d2e4eef1fc81,0x6b75d8af000000e20b7a7ddf000ba900b4009a80,0xf5e4a4480f5e73cfe697384525d6f4a07617ac71,22722618585306272038
18179870,2023-09-20T21:44:59.000Z,0xb6ca7399b4f9ca56fc27cbff44f4d2e4eef1fc81,0x2fc9d90c72084e95d680fef1bd695ea1980273b5,0x20d2c17d1928ef4290bf17f922a10eaa2770bf43,100755419776579432080
18180093,2023-09-20T22:30:11.000Z,0xb6ca7399b4f9ca56fc27cbff44f4d2e4eef1fc81,0xcab72cc134c2320b94ef253b5475fbade6ae2a29,0xa9d1e08c7793af67e9d92fe308d5697fb81d3e43,596799999999999999390
18180172,2023-09-20T22:46:11.000Z,0xb6ca7399b4f9ca56fc27cbff44f4d2e4eef1fc81,0xe956856ca8c7bae73bd9d23c3383490c0338f845,0x74de5d4fcbf63e00296fd95d33236b9794016631,10748496132524655844
18180172,2023-09-20T22:46:11.000Z,0xb6ca7399b4f9ca56fc27cbff44f4d2e4eef1fc81,0x74de5d4fcbf63e00296fd95d33236b9794016631,0xf5e4a4480f5e73cfe697384525d6f4a07617ac71,10748496132524655844
18180702,2023-09-21T00:32:11.000Z,0xb6ca7399b4f9ca56fc27cbff44f4d2e4eef1fc81,0xf1dc23c0888d9fc5a04bb5828c80b3a130f841cc,0x22f9dcf4647084d6c31b2765f6910cd85c178c18,3906590292783621742
18180702,2023-09-21T00:32:11.000Z,0xb6ca7399b4f9ca56fc27cbff44f4d2e4eef1fc81,0x22f9dcf4647084d6c31b2765f6910cd85c178c18,0x20d2c17d1928ef4290bf17f922a10eaa2770bf43,3906590292783621742
18180712,2023-09-21T00:34:11.000Z,0xb6ca7399b4f9ca56fc27cbff44f4d2e4eef1fc81,0xa9d1e08c7793af67e9d92fe308d5697fb81d3e43,0x81153f0889ab398c4acb42cb58b565a5392bba95,100790126190000000000
18180712,2023-09-21T00:34:11.000Z,0xb6ca7399b4f9ca56fc27cbff44f4d2e4eef1fc81,0x81153f0889ab398c4acb42cb58b565a5392bba95,0x20d2c17d1928ef4290bf17f922a10eaa2770bf43,100790126190000000000
18182016,2023-09-21T04:56:35.000Z,0xb6ca7399b4f9ca56fc27cbff44f4d2e4eef1fc81,0x20d2c17d1928ef4290bf17f922a10eaa2770bf43,0xf5e4a4480f5e73cfe697384525d6f4a07617ac71,35614467365388377810
18182576,2023-09-21T06:50:11.000Z,0xb6ca7399b4f9ca56fc27cbff44f4d2e4eef1fc81,0xa9d1e08c7793af67e9d92fe308d5697fb81d3e43,0x81153f0889ab398c4acb42cb58b565a5392bba95,75059703710000000000
18182576,2023-09-21T06:50:11.000Z,0xb6ca7399b4f9ca56fc27cbff44f4d2e4eef1fc81,0x81153f0889ab398c4acb42cb58b565a5392bba95,0x20d2c17d1928ef4290bf17f922a10eaa2770bf43,75059703710000000000
18182933,2023-09-21T08:02:23.000Z,0xb6ca7399b4f9ca56fc27cbff44f4d2e4eef1fc81,0x2fc9d90c72084e95d680fef1bd695ea1980273b5,0xf5e4a4480f5e73cfe697384525d6f4a07617ac71,100000000000000000000
18185759,2023-09-21T17:33:11.000Z,0xb6ca7399b4f9ca56fc27cbff44f4d2e4eef1fc81,0xcee368e9fbcac790e2dcec167641282a51fd0caf,0x74de5d4fcbf63e00296fd95d33236b9794016631,293855149080269938579
18185759,2023-09-21T17:33:11.000Z,0xb6ca7399b4f9ca56fc27cbff44f4d2e4eef1fc81,0x74de5d4fcbf63e00296fd95d33236b9794016631,0x3208684f96458c540eb08f6f01b9e9afb2b7d4f0,293855149080269938579
18185759,2023-09-21T17:33:11.000Z,0xb6ca7399b4f9ca56fc27cbff44f4d2e4eef1fc81,0x3208684f96458c540eb08f6f01b9e9afb2b7d4f0,0xf5e4a4480f5e73cfe697384525d6f4a07617ac71,117542059632107975431
18185759,2023-09-21T17:33:11.000Z,0xb6ca7399b4f9ca56fc27cbff44f4d2e4eef1fc81,0x3208684f96458c540eb08f6f01b9e9afb2b7d4f0,0x20d2c17d1928ef4290bf17f922a10eaa2770bf43,176313089448161963148
18190028,2023-09-22T07:54:23.000Z,0xb6ca7399b4f9ca56fc27cbff44f4d2e4eef1fc81,0xf54635836862aad6e255e9b4fe49275fa5047e5d,0x89f2ab029dcd11bd5a00ed6a77ccbe46315212e8,1081893308920000000000
18193875,2023-09-22T20:52:11.000Z,0xb6ca7399b4f9ca56fc27cbff44f4d2e4eef1fc81,0x89f2ab029dcd11bd5a00ed6a77ccbe46315212e8,0xf36f2aeda83f0f3481c4c12da8786235b1cc76ef,419000000000000000000
18197200,2023-09-23T08:02:35.000Z,0xb6ca7399b4f9ca56fc27cbff44f4d2e4eef1fc81,0x2fc9d90c72084e95d680fef1bd695ea1980273b5,0x20d2c17d1928ef4290bf17f922a10eaa2770bf43,20000000000000000000
18199630,2023-09-23T16:13:11.000Z,0xb6ca7399b4f9ca56fc27cbff44f4d2e4eef1fc81,0xa9d1e08c7793af67e9d92fe308d5697fb81d3e43,0x1d6bf9706930219427961522c17316663bf088ab,30873880000000000
18208465,2023-09-24T21:54:11.000Z,0xb6ca7399b4f9ca56fc27cbff44f4d2e4eef1fc81,0xa9d1e08c7793af67e9d92fe308d5697fb81d3e43,0x81153f0889ab398c4acb42cb58b565a5392bba95,97234751170000000000
18208465,2023-09-24T21:54:11.000Z,0xb6ca7399b4f9ca56fc27cbff44f4d2e4eef1fc81,0x81153f0889ab398c4acb42cb58b565a5392bba95,0x20d2c17d1928ef4290bf17f922a10eaa2770bf43,97234751170000000000
18208544,2023-09-24T22:10:11.000Z,0xb6ca7399b4f9ca56fc27cbff44f4d2e4eef1fc81,0x20d2c17d1928ef4290bf17f922a10eaa2770bf43,0xf5e4a4480f5e73cfe697384525d6f4a07617ac71,37174463156892695975
18208794,2023-09-24T23:00:35.000Z,0xb6ca7399b4f9ca56fc27cbff44f4d2e4eef1fc81,0x0d0707963952f2fba59dd06f2b425ace40b492fe,0x90bba5e97ff32f09b0f85a146dc34aee0fdda933,290550000000000000000
18210777,2023-09-25T05:40:47.000Z,0xb6ca7399b4f9ca56fc27cbff44f4d2e4eef1fc81,0x0703f6722e3a55351a544e3e1bcefc8537707840,0x20d2c17d1928ef4290bf17f922a10eaa2770bf43,6568908914097227921
18225124,2023-09-27T05:49:59.000Z,0xb6ca7399b4f9ca56fc27cbff44f4d2e4eef1fc81,0x20d2c17d1928ef4290bf17f922a10eaa2770bf43,0x2fc9d90c72084e95d680fef1bd695ea1980273b5,20006995650681616196
18226346,2023-09-27T09:57:11.000Z,0xb6ca7399b4f9ca56fc27cbff44f4d2e4eef1fc81,0xa9d1e08c7793af67e9d92fe308d5697fb81d3e43,0x81153f0889ab398c4acb42cb58b565a5392bba95,98446638330000000000
18226346,2023-09-27T09:57:11.000Z,0xb6ca7399b4f9ca56fc27cbff44f4d2e4eef1fc81,0x81153f0889ab398c4acb42cb58b565a5392bba95,0x20d2c17d1928ef4290bf17f922a10eaa2770bf43,98446638330000000000
18226505,2023-09-27T10:29:11.000Z,0xb6ca7399b4f9ca56fc27cbff44f4d2e4eef1fc81,0xa9d1e08c7793af67e9d92fe308d5697fb81d3e43,0xc5d4ec9300be6da89a3db305c415c7cd3cbb7e8e,136914159470000000000
18226505,2023-09-27T10:29:11.000Z,0xb6ca7399b4f9ca56fc27cbff44f4d2e4eef1fc81,0xc5d4ec9300be6da89a3db305c415c7cd3cbb7e8e,0xf5e4a4480f5e73cfe697384525d6f4a07617ac71,136914159470000000000
18226919,2023-09-27T11:53:11.000Z,0xb6ca7399b4f9ca56fc27cbff44f4d2e4eef1fc81,0xa9d1e08c7793af67e9d92fe308d5697fb81d3e43,0x81153f0889ab398c4acb42cb58b565a5392bba95,120675056260000000000
18226919,2023-09-27T11:53:11.000Z,0xb6ca7399b4f9ca56fc27cbff44f4d2e4eef1fc81,0x81153f0889ab398c4acb42cb58b565a5392bba95,0x20d2c17d1928ef4290bf17f922a10eaa2770bf43,120675056260000000000
18228670,2023-09-27T17:45:59.000Z,0xb6ca7399b4f9ca56fc27cbff44f4d2e4eef1fc81,0xbb314b9ad7ca68399ebddf87b07e58f3ccc5a41a,0xdef171fe48cf0115b1d80b88dc8eab59176fee57,600000000000000000000
18228670,2023-09-27T17:45:59.000Z,0xb6ca7399b4f9ca56fc27cbff44f4d2e4eef1fc81,0xdef171fe48cf0115b1d80b88dc8eab59176fee57,0x20d2c17d1928ef4290bf17f922a10eaa2770bf43,312000000000000000000
18228670,2023-09-27T17:45:59.000Z,0xb6ca7399b4f9ca56fc27cbff44f4d2e4eef1fc81,0xdef171fe48cf0115b1d80b88dc8eab59176fee57,0xf5e4a4480f5e73cfe697384525d6f4a07617ac71,288000000000000000000
18228671,2023-09-27T17:46:11.000Z,0xb6ca7399b4f9ca56fc27cbff44f4d2e4eef1fc81,0x20d2c17d1928ef4290bf17f922a10eaa2770bf43,0xcab72cc134c2320b94ef253b5475fbade6ae2a29,287335999999999999862
18228688,2023-09-27T17:49:35.000Z,0xb6ca7399b4f9ca56fc27cbff44f4d2e4eef1fc81,0xbb314b9ad7ca68399ebddf87b07e58f3ccc5a41a,0x20d2c17d1928ef4290bf17f922a10eaa2770bf43,450000000000000000000
18228689,2023-09-27T17:49:47.000Z,0xb6ca7399b4f9ca56fc27cbff44f4d2e4eef1fc81,0x20d2c17d1928ef4290bf17f922a10eaa2770bf43,0xcab72cc134c2320b94ef253b5475fbade6ae2a29,576025999999999999977
18228689,2023-09-27T17:49:47.000Z,0xb6ca7399b4f9ca56fc27cbff44f4d2e4eef1fc81,0xf5e4a4480f5e73cfe697384525d6f4a07617ac71,0x20d2c17d1928ef4290bf17f922a10eaa2770bf43,123642526352768984160
18228715,2023-09-27T17:55:11.000Z,0xb6ca7399b4f9ca56fc27cbff44f4d2e4eef1fc81,0xcab72cc134c2320b94ef253b5475fbade6ae2a29,0xa9d1e08c7793af67e9d92fe308d5697fb81d3e43,863361999999999999839
18229407,2023-09-27T20:14:23.000Z,0xb6ca7399b4f9ca56fc27cbff44f4d2e4eef1fc81,0xf5b4bb9afa4e51af2d03bfc9adcc95c09fd1db5e,0xfee9ca4be216b4418cd527d053d33f4088b5fb0e,128456691847056172572
18229859,2023-09-27T21:45:35.000Z,0xb6ca7399b4f9ca56fc27cbff44f4d2e4eef1fc81,0xfee9ca4be216b4418cd527d053d33f4088b5fb0e,0x20d2c17d1928ef4290bf17f922a10eaa2770bf43,128456691847056172572
18229932,2023-09-27T22:00:11.000Z,0xb6ca7399b4f9ca56fc27cbff44f4d2e4eef1fc81,0x20d2c17d1928ef4290bf17f922a10eaa2770bf43,0xb75815d249a766a022f32802a7bf0434e5dffe0e,76007094584308628516
18230054,2023-09-27T22:24:35.000Z,0xb6ca7399b4f9ca56fc27cbff44f4d2e4eef1fc81,0x20d2c17d1928ef4290bf17f922a10eaa2770bf43,0xb75815d249a766a022f32802a7bf0434e5dffe0e,75055109996399271055
18230394,2023-09-27T23:32:47.000Z,0xb6ca7399b4f9ca56fc27cbff44f4d2e4eef1fc81,0xf5e4a4480f5e73cfe697384525d6f4a07617ac71,0xb75815d249a766a022f32802a7bf0434e5dffe0e,74777907514500644150
18233928,2023-09-28T11:26:59.000Z,0xb6ca7399b4f9ca56fc27cbff44f4d2e4eef1fc81,0x3aebdd4b1469f844825e43278193c8b6567d8a05,0x69f1dc6028266f91b5ec1d5bb22e4303b97c9aed,4008756070788490188
18236067,2023-09-28T18:38:11.000Z,0xb6ca7399b4f9ca56fc27cbff44f4d2e4eef1fc81,0x20d2c17d1928ef4290bf17f922a10eaa2770bf43,0xcab72cc134c2320b94ef253b5475fbade6ae2a29,273398999999999999927
18236067,2023-09-28T18:38:11.000Z,0xb6ca7399b4f9ca56fc27cbff44f4d2e4eef1fc81,0xf5e4a4480f5e73cfe697384525d6f4a07617ac71,0x20d2c17d1928ef4290bf17f922a10eaa2770bf43,87501530577474341408
18236087,2023-09-28T18:42:11.000Z,0xb6ca7399b4f9ca56fc27cbff44f4d2e4eef1fc81,0x6b9c6e101798941ffc1d76cba6cc282e4af5920e,0xa9d1e08c7793af67e9d92fe308d5697fb81d3e43,427615065594583260000
18236409,2023-09-28T19:47:11.000Z,0xb6ca7399b4f9ca56fc27cbff44f4d2e4eef1fc81,0x3b5a6d3c65c372f412e2311d2854d98363a7e49e,0x20d2c17d1928ef4290bf17f922a10eaa2770bf43,97257952020399194332
18236849,2023-09-28T21:15:23.000Z,0xb6ca7399b4f9ca56fc27cbff44f4d2e4eef1fc81,0x20d2c17d1928ef4290bf17f922a10eaa2770bf43,0xb75815d249a766a022f32802a7bf0434e5dffe0e,70591247631656113319
18237058,2023-09-28T21:57:23.000Z,0xb6ca7399b4f9ca56fc27cbff44f4d2e4eef1fc81,0x20d2c17d1928ef4290bf17f922a10eaa2770bf43,0xb75815d249a766a022f32802a7bf0434e5dffe0e,69870813271604249355
18237108,2023-09-28T22:07:23.000Z,0xb6ca7399b4f9ca56fc27cbff44f4d2e4eef1fc81,0xf5e4a4480f5e73cfe697384525d6f4a07617ac71,0xcab72cc134c2320b94ef253b5475fbade6ae2a29,131054000000000000033
18237127,2023-09-28T22:11:11.000Z,0xb6ca7399b4f9ca56fc27cbff44f4d2e4eef1fc81,0xb75815d249a766a022f32802a7bf0434e5dffe0e,0xa9d1e08c7793af67e9d92fe308d5697fb81d3e43,457620731635586109201
18237157,2023-09-28T22:17:11.000Z,0xb6ca7399b4f9ca56fc27cbff44f4d2e4eef1fc81,0x20d2c17d1928ef4290bf17f922a10eaa2770bf43,0xb75815d249a766a022f32802a7bf0434e5dffe0e,91062288336082724800
18239380,2023-09-29T05:46:11.000Z,0xb6ca7399b4f9ca56fc27cbff44f4d2e4eef1fc81,0xf36f2aeda83f0f3481c4c12da8786235b1cc76ef,0xa9d1e08c7793af67e9d92fe308d5697fb81d3e43,419000000000000000000
18241034,2023-09-29T11:20:35.000Z,0xb6ca7399b4f9ca56fc27cbff44f4d2e4eef1fc81,0xc71d239309941ee7aa63bb17ce703613445ce27b,0x20d2c17d1928ef4290bf17f922a10eaa2770bf43,2024203426697582040
18242068,2023-09-29T14:49:11.000Z,0xb6ca7399b4f9ca56fc27cbff44f4d2e4eef1fc81,0x6094d4b6b8d6710dd56682a73c0e6c09b4aa08c6,0x9cfc1d1a45f79246e8e074cfdfc3f4aacdde8d9a,104223600000000000000
18243121,2023-09-29T18:21:11.000Z,0xb6ca7399b4f9ca56fc27cbff44f4d2e4eef1fc81,0xa9d1e08c7793af67e9d92fe308d5697fb81d3e43,0x81153f0889ab398c4acb42cb58b565a5392bba95,65535748480000000000
18243121,2023-09-29T18:21:11.000Z,0xb6ca7399b4f9ca56fc27cbff44f4d2e4eef1fc81,0x81153f0889ab398c4acb42cb58b565a5392bba95,0x20d2c17d1928ef4290bf17f922a10eaa2770bf43,65535748480000000000
18243371,2023-09-29T19:11:11.000Z,0xb6ca7399b4f9ca56fc27cbff44f4d2e4eef1fc81,0xa9d1e08c7793af67e9d92fe308d5697fb81d3e43,0x81153f0889ab398c4acb42cb58b565a5392bba95,98476840720000000000
18243371,2023-09-29T19:11:11.000Z,0xb6ca7399b4f9ca56fc27cbff44f4d2e4eef1fc81,0x81153f0889ab398c4acb42cb58b565a5392bba95,0x20d2c17d1928ef4290bf17f922a10eaa2770bf43,98476840720000000000
18243697,2023-09-29T20:17:11.000Z,0xb6ca7399b4f9ca56fc27cbff44f4d2e4eef1fc81,0xa9d1e08c7793af67e9d92fe308d5697fb81d3e43,0x992b32d0ade0c1a13eb6152d2660b067ddb52dab,99814268800000000000
18243812,2023-09-29T20:40:11.000Z,0xb6ca7399b4f9ca56fc27cbff44f4d2e4eef1fc81,0x756de81faf2374e5fe04cb22c7d20048d8b0acdd,0x4fd39c9e151e50580779bd04b1f7ecc310079fd3,1929568300000000000
18243812,2023-09-29T20:40:11.000Z,0xb6ca7399b4f9ca56fc27cbff44f4d2e4eef1fc81,0x4fd39c9e151e50580779bd04b1f7ecc310079fd3,0xf5e4a4480f5e73cfe697384525d6f4a07617ac71,1929568300000000000
18246108,2023-09-30T04:22:11.000Z,0xb6ca7399b4f9ca56fc27cbff44f4d2e4eef1fc81,0xa9d1e08c7793af67e9d92fe308d5697fb81d3e43,0x81153f0889ab398c4acb42cb58b565a5392bba95,98489536140000000000
18246108,2023-09-30T04:22:11.000Z,0xb6ca7399b4f9ca56fc27cbff44f4d2e4eef1fc81,0x81153f0889ab398c4acb42cb58b565a5392bba95,0x20d2c17d1928ef4290bf17f922a10eaa2770bf43,98489536140000000000
18246109,2023-09-30T04:22:23.000Z,0xb6ca7399b4f9ca56fc27cbff44f4d2e4eef1fc81,0x20d2c17d1928ef4290bf17f922a10eaa2770bf43,0x6b75d8af000000e20b7a7ddf000ba900b4009a80,60046962223684255744
18246109,2023-09-30T04:22:23.000Z,0xb6ca7399b4f9ca56fc27cbff44f4d2e4eef1fc81,0x6b75d8af000000e20b7a7ddf000ba900b4009a80,0xf5e4a4480f5e73cfe697384525d6f4a07617ac71,60046958316280165226
18246304,2023-09-30T05:02:11.000Z,0xb6ca7399b4f9ca56fc27cbff44f4d2e4eef1fc81,0xa9d1e08c7793af67e9d92fe308d5697fb81d3e43,0x81153f0889ab398c4acb42cb58b565a5392bba95,98502987510000000000
18246304,2023-09-30T05:02:11.000Z,0xb6ca7399b4f9ca56fc27cbff44f4d2e4eef1fc81,0x81153f0889ab398c4acb42cb58b565a5392bba95,0x20d2c17d1928ef4290bf17f922a10eaa2770bf43,98502987510000000000
18246305,2023-09-30T05:02:23.000Z,0xb6ca7399b4f9ca56fc27cbff44f4d2e4eef1fc81,0x20d2c17d1928ef4290bf17f922a10eaa2770bf43,0x6b75d8af000000e20b7a7ddf000ba900b4009a80,42754063244348882944
18246305,2023-09-30T05:02:23.000Z,0xb6ca7399b4f9ca56fc27cbff44f4d2e4eef1fc81,0x6b75d8af000000e20b7a7ddf000ba900b4009a80,0xf5e4a4480f5e73cfe697384525d6f4a07617ac71,42754059470398830197
18248154,2023-09-30T11:14:11.000Z,0xb6ca7399b4f9ca56fc27cbff44f4d2e4eef1fc81,0xbbbd60be65b4106e4d173d5abcda43b56bc7b2b1,0x744a5c964eb6c7e7f75ec3f6a38cab6cbf04f8f6,5264273492035762028
18248163,2023-09-30T11:15:59.000Z,0xb6ca7399b4f9ca56fc27cbff44f4d2e4eef1fc81,0x744a5c964eb6c7e7f75ec3f6a38cab6cbf04f8f6,0x74de5d4fcbf63e00296fd95d33236b9794016631,5264273492035762028
18248163,2023-09-30T11:15:59.000Z,0xb6ca7399b4f9ca56fc27cbff44f4d2e4eef1fc81,0x74de5d4fcbf63e00296fd95d33236b9794016631,0x20d2c17d1928ef4290bf17f922a10eaa2770bf43,5264273492035762028
18248184,2023-09-30T11:20:11.000Z,0xb6ca7399b4f9ca56fc27cbff44f4d2e4eef1fc81,0x322491a20ed9db6e221c2b977697576bcb8bcc3d,0x20d2c17d1928ef4290bf17f922a10eaa2770bf43,1000000000000000000
18249019,2023-09-30T14:09:11.000Z,0xb6ca7399b4f9ca56fc27cbff44f4d2e4eef1fc81,0xa9d1e08c7793af67e9d92fe308d5697fb81d3e43,0x81153f0889ab398c4acb42cb58b565a5392bba95,118789777960000000000
18249019,2023-09-30T14:09:11.000Z,0xb6ca7399b4f9ca56fc27cbff44f4d2e4eef1fc81,0x81153f0889ab398c4acb42cb58b565a5392bba95,0x20d2c17d1928ef4290bf17f922a10eaa2770bf43,118789777960000000000
18249020,2023-09-30T14:09:23.000Z,0xb6ca7399b4f9ca56fc27cbff44f4d2e4eef1fc81,0x20d2c17d1928ef4290bf17f922a10eaa2770bf43,0xf5e4a4480f5e73cfe697384525d6f4a07617ac71,54299522238097222884
18252348,2023-10-01T01:17:11.000Z,0xb6ca7399b4f9ca56fc27cbff44f4d2e4eef1fc81,0xa9d1e08c7793af67e9d92fe308d5697fb81d3e43,0xa7ca1f4394f6b9eaa96f1ee37d48fcd88d6a8de5,29263140000000000
18257896,2023-10-01T19:53:11.000Z,0xb6ca7399b4f9ca56fc27cbff44f4d2e4eef1fc81,0xa9d1e08c7793af67e9d92fe308d5697fb81d3e43,0x2138d4252ddcb88b8868d33199e54e969f6fe304,2281594460000000000
18258651,2023-10-01T22:25:11.000Z,0xb6ca7399b4f9ca56fc27cbff44f4d2e4eef1fc81,0xa9d1e08c7793af67e9d92fe308d5697fb81d3e43,0x81153f0889ab398c4acb42cb58b565a5392bba95,120939808250000000000
18258651,2023-10-01T22:25:11.000Z,0xb6ca7399b4f9ca56fc27cbff44f4d2e4eef1fc81,0x81153f0889ab398c4acb42cb58b565a5392bba95,0x20d2c17d1928ef4290bf17f922a10eaa2770bf43,120939808250000000000
18258763,2023-10-01T22:47:47.000Z,0xb6ca7399b4f9ca56fc27cbff44f4d2e4eef1fc81,0x20d2c17d1928ef4290bf17f922a10eaa2770bf43,0xf5e4a4480f5e73cfe697384525d6f4a07617ac71,52504449665207686510
18258770,2023-10-01T22:49:11.000Z,0xb6ca7399b4f9ca56fc27cbff44f4d2e4eef1fc81,0xa9d1e08c7793af67e9d92fe308d5697fb81d3e43,0x81153f0889ab398c4acb42cb58b565a5392bba95,148442684050000000000
18258770,2023-10-01T22:49:11.000Z,0xb6ca7399b4f9ca56fc27cbff44f4d2e4eef1fc81,0x81153f0889ab398c4acb42cb58b565a5392bba95,0x20d2c17d1928ef4290bf17f922a10eaa2770bf43,148442684050000000000
18258771,2023-10-01T22:49:23.000Z,0xb6ca7399b4f9ca56fc27cbff44f4d2e4eef1fc81,0x20d2c17d1928ef4290bf17f922a10eaa2770bf43,0xf5e4a4480f5e73cfe697384525d6f4a07617ac71,63707720183053143960
18258952,2023-10-01T23:25:35.000Z,0xb6ca7399b4f9ca56fc27cbff44f4d2e4eef1fc81,0x993f5c6e66f7176b339abb71877c4c7067b21162,0xebfe0de9be7427c1b5b48b98aa0a50e442ecf10e,92092858400000000000
18259023,2023-10-01T23:39:59.000Z,0xb6ca7399b4f9ca56fc27cbff44f4d2e4eef1fc81,0x91cbc916815c9fcf51cc51a9f1a39d95edca80d9,0xfd1f21a19b49cca24318d73197b625cdb730eabc,2663825250000000000
18260931,2023-10-02T06:03:47.000Z,0xb6ca7399b4f9ca56fc27cbff44f4d2e4eef1fc81,0x9cfc1d1a45f79246e8e074cfdfc3f4aacdde8d9a,0x29b576632694b4d0511fb6797080a776b63faf43,19711283039224899213
18261029,2023-10-02T06:23:23.000Z,0xb6ca7399b4f9ca56fc27cbff44f4d2e4eef1fc81,0x29b576632694b4d0511fb6797080a776b63faf43,0x20d2c17d1928ef4290bf17f922a10eaa2770bf43,19711283039224899213
18264694,2023-10-02T18:39:23.000Z,0xb6ca7399b4f9ca56fc27cbff44f4d2e4eef1fc81,0x20d2c17d1928ef4290bf17f922a10eaa2770bf43,0xcab72cc134c2320b94ef253b5475fbade6ae2a29,281372999999999999947
18264956,2023-10-02T19:31:59.000Z,0xb6ca7399b4f9ca56fc27cbff44f4d2e4eef1fc81,0x36b921bd2015c14f2a18085d20c39de765f25f6d,0x20d2c17d1928ef4290bf17f922a10eaa2770bf43,20492056189146259728
18266586,2023-10-03T00:58:59.000Z,0xb6ca7399b4f9ca56fc27cbff44f4d2e4eef1fc81,0xf5e4a4480f5e73cfe697384525d6f4a07617ac71,0x20d2c17d1928ef4290bf17f922a10eaa2770bf43,33757858920927756701
18269228,2023-10-03T09:50:23.000Z,0xb6ca7399b4f9ca56fc27cbff44f4d2e4eef1fc81,0x9cfc1d1a45f79246e8e074cfdfc3f4aacdde8d9a,0x66c38380d2556dae36b6dc114853e0e68171a35c,11854365967837830192
18269248,2023-10-03T09:54:23.000Z,0xb6ca7399b4f9ca56fc27cbff44f4d2e4eef1fc81,0x66c38380d2556dae36b6dc114853e0e68171a35c,0x1d0bc741505f05c1095c567ff18970a933d83dc2,11854365967837830192
18269542,2023-10-03T10:53:47.000Z,0xb6ca7399b4f9ca56fc27cbff44f4d2e4eef1fc81,0x8e0886c04c7f801fd548b85e50c344726e8551ca,0x8b4c14e20313aadca6072450032b99d18f24218f,40377639709388254703
18271299,2023-10-03T16:49:35.000Z,0xb6ca7399b4f9ca56fc27cbff44f4d2e4eef1fc81,0x304478ccb265a3f1771b259f37861f02cbd5b7bf,0x20d2c17d1928ef4290bf17f922a10eaa2770bf43,54700000000000000000
18271558,2023-10-03T17:41:59.000Z,0xb6ca7399b4f9ca56fc27cbff44f4d2e4eef1fc81,0x697e12a5a856a67e09d514cb1b6f7a1d5eb6e706,0xf5e4a4480f5e73cfe697384525d6f4a07617ac71,10000000000000000000
18272066,2023-10-03T19:24:11.000Z,0xb6ca7399b4f9ca56fc27cbff44f4d2e4eef1fc81,0x94da73f7ee5b6ce816c9046f89ca7c3641cf78c7,0xd53036f8a4d338a61ceea8b079494bc684dbb51c,3233821910000000000
18277060,2023-10-04T12:09:11.000Z,0xb6ca7399b4f9ca56fc27cbff44f4d2e4eef1fc81,0x59c0ed446898f0152f569a62f23261d7c8a72eee,0xc7f4e1625afba29f6c85ff9ec48b875a4295a69d,4000000000000000000
18277188,2023-10-04T12:34:47.000Z,0xb6ca7399b4f9ca56fc27cbff44f4d2e4eef1fc81,0xc7f4e1625afba29f6c85ff9ec48b875a4295a69d,0x20d2c17d1928ef4290bf17f922a10eaa2770bf43,4000000000000000000
18277572,2023-10-04T13:51:59.000Z,0xb6ca7399b4f9ca56fc27cbff44f4d2e4eef1fc81,0x20d2c17d1928ef4290bf17f922a10eaa2770bf43,0xcab72cc134c2320b94ef253b5475fbade6ae2a29,125683999999999999970
